,target_chemblid,compound_chemblid,source_domain_id,max_phase,Domain_key
0,CHEMBL1075319,CHEMBL256087,['PF00520'],4,PF00520
1,CHEMBL1163124,CHEMBL290352,['PF07714'],3,PF07714
2,CHEMBL1250417,CHEMBL1201729,['PF00520'],4,PF00520
3,CHEMBL1250417,CHEMBL2145077,['PF00520'],4,PF00520
4,CHEMBL1250417,CHEMBL471737,['PF00520'],4,PF00520
5,CHEMBL1255163,CHEMBL3188386,['PF03062'],2,PF03062
6,CHEMBL1641347,CHEMBL897,['PF00083'],4,PF00083
7,CHEMBL1641348,CHEMBL897,['PF00083'],4,PF00083
8,CHEMBL1782,CHEMBL1654,['PF00348'],4,PF00348
9,CHEMBL1782,CHEMBL319144,['PF00348'],3,PF00348
10,CHEMBL1782,CHEMBL3989569,['PF00348'],4,PF00348
11,CHEMBL1782,CHEMBL675,['PF00348'],4,PF00348
12,CHEMBL1782,CHEMBL924,['PF00348'],4,PF00348
13,CHEMBL1784,CHEMBL414357,['PF00002'],4,PF00002
14,CHEMBL1784,CHEMBL4524066,['PF00002'],4,PF00002
15,CHEMBL1785,CHEMBL23261,['PF00001'],3,PF00001
16,CHEMBL1785,CHEMBL61780,['PF00001'],3,PF00001
17,CHEMBL1790,CHEMBL1201108,['PF00001'],4,PF00001
18,CHEMBL1790,CHEMBL344159,['PF00001'],4,PF00001
19,CHEMBL1790,CHEMBL420762,['PF00001'],0,PF00001
20,CHEMBL1790,CHEMBL49429,['PF00001'],3,PF00001
21,CHEMBL1792,CHEMBL1201184,['PF00001'],4,PF00001
22,CHEMBL1792,CHEMBL2103975,['PF00001'],3,PF00001
23,CHEMBL1793,CHEMBL525610,['PF00002'],4,PF00002
24,CHEMBL1798,CHEMBL1200681,['PF00001'],4,PF00001
25,CHEMBL1798,CHEMBL21333,['PF00001'],3,PF00001
26,CHEMBL1798,CHEMBL603,['PF00001'],4,PF00001
27,CHEMBL1800,CHEMBL482950,['PF00002'],3,PF00002
28,CHEMBL1800,CHEMBL514270,['PF00002'],2,PF00002
29,CHEMBL1801,CHEMBL1046,['PF00089'],4,PF00089
30,CHEMBL1801,CHEMBL877,['PF00089'],4,PF00089
31,CHEMBL1804,CHEMBL1201184,['PF00001'],4,PF00001
32,CHEMBL1804,CHEMBL2103975,['PF00001'],3,PF00001
33,CHEMBL1805,CHEMBL1200521,['PF00001'],4,PF00001
34,CHEMBL1805,CHEMBL1201003,['PF00001'],4,PF00001
35,CHEMBL1805,CHEMBL3039520,['PF00001'],4,PF00001
36,CHEMBL1808,CHEMBL1168,['PF01401'],4,PF01401
37,CHEMBL1808,CHEMBL1200343,['PF01401'],4,PF01401
38,CHEMBL1808,CHEMBL1200534,['PF01401'],4,PF01401
39,CHEMBL1808,CHEMBL1200659,['PF01401'],4,PF01401
40,CHEMBL1808,CHEMBL1200831,['PF01401'],4,PF01401
41,CHEMBL1808,CHEMBL1201011,['PF01401'],4,PF01401
42,CHEMBL1808,CHEMBL1519,['PF01401'],4,PF01401
43,CHEMBL1808,CHEMBL1560,['PF01401'],4,PF01401
44,CHEMBL1808,CHEMBL1694,['PF01401'],4,PF01401
45,CHEMBL1808,CHEMBL317094,['PF01401'],4,PF01401
46,CHEMBL1808,CHEMBL3989406,['PF01401'],4,PF01401
47,CHEMBL1808,CHEMBL419213,['PF01401'],4,PF01401
48,CHEMBL1808,CHEMBL515606,['PF01401'],4,PF01401
49,CHEMBL1811,CHEMBL495,['PF00001'],4,PF00001
50,CHEMBL1822,CHEMBL1643,['PF00478'],4,PF00478
51,CHEMBL1824,CHEMBL1201179,['PF07714'],4,PF07714
52,CHEMBL1824,CHEMBL1614707,['PF07714'],1,PF07714
53,CHEMBL1824,CHEMBL1614725,['PF07714'],1,PF07714
54,CHEMBL1824,CHEMBL1645462,['PF07714'],1,PF07714
55,CHEMBL1824,CHEMBL180022,['PF07714'],4,PF07714
56,CHEMBL1824,CHEMBL2103842,['PF07714'],2,PF07714
57,CHEMBL1824,CHEMBL2105712,['PF07714'],4,PF07714
58,CHEMBL1824,CHEMBL2105719,['PF07714'],4,PF07714
59,CHEMBL1824,CHEMBL2110732,['PF07714'],4,PF07714
60,CHEMBL1824,CHEMBL2408045,['PF07714'],2,PF07714
61,CHEMBL1824,CHEMBL3544983,['PF07714'],3,PF07714
62,CHEMBL1824,CHEMBL3545396,['PF07714'],2,PF07714
63,CHEMBL1824,CHEMBL3989868,['PF07714'],4,PF07714
64,CHEMBL1824,CHEMBL483321,['PF07714'],2,PF07714
65,CHEMBL1824,CHEMBL545315,['PF07714'],3,PF07714
66,CHEMBL1824,CHEMBL587723,['PF07714'],2,PF07714
67,CHEMBL1824,CHEMBL598797,['PF07714'],1,PF07714
68,CHEMBL1827,CHEMBL1339,['PF00233'],4,PF00233
69,CHEMBL1827,CHEMBL1737,['PF00233'],4,PF00233
70,CHEMBL1827,CHEMBL19449,['PF00233'],2,PF00233
71,CHEMBL1827,CHEMBL1963681,['PF00233'],4,PF00233
72,CHEMBL1827,CHEMBL779,['PF00233'],4,PF00233
73,CHEMBL1829,CHEMBL272980,['PF00850'],2,PF00850
74,CHEMBL1829,CHEMBL98,['PF00850'],4,PF00850
75,CHEMBL1832,CHEMBL3989767,['PF00002'],4,PF00002
76,CHEMBL1833,CHEMBL1200843,['PF00001'],4,PF00001
77,CHEMBL1833,CHEMBL3989558,['PF00001'],4,PF00001
78,CHEMBL1835,CHEMBL11662,['PF00067'],3,PF00067
79,CHEMBL1839,CHEMBL1515,['PF03098'],4,PF03098
80,CHEMBL1839,CHEMBL1518,['PF03098'],4,PF03098
81,CHEMBL1839,CHEMBL508102,['PF03098'],4,PF03098
82,CHEMBL1843,CHEMBL1096979,['PF00282'],4,PF00282
83,CHEMBL1843,CHEMBL1200748,['PF00282'],4,PF00282
84,CHEMBL1844,CHEMBL101253,['PF07714'],3,PF07714
85,CHEMBL1844,CHEMBL1567,['PF07714'],4,PF07714
86,CHEMBL1844,CHEMBL223360,['PF07714'],3,PF07714
87,CHEMBL1844,CHEMBL3813873,['PF07714'],4,PF07714
88,CHEMBL1844,CHEMBL482968,['PF07714'],2,PF07714
89,CHEMBL1844,CHEMBL576982,['PF07714'],3,PF07714
90,CHEMBL1847,CHEMBL356388,['PF02931'],2,PF02931
91,CHEMBL1849,CHEMBL1441,['PF13561'],4,PF13561
92,CHEMBL1849,CHEMBL64,['PF13561'],4,PF13561
93,CHEMBL1855,CHEMBL1200501,['PF00001'],4,PF00001
94,CHEMBL1855,CHEMBL1200509,['PF00001'],4,PF00001
95,CHEMBL1855,CHEMBL1200511,['PF00001'],4,PF00001
96,CHEMBL1855,CHEMBL1200775,['PF00001'],4,PF00001
97,CHEMBL1855,CHEMBL1208155,['PF00001'],4,PF00001
98,CHEMBL1855,CHEMBL1251,['PF00001'],4,PF00001
99,CHEMBL1855,CHEMBL1252,['PF00001'],4,PF00001
100,CHEMBL1855,CHEMBL1800159,['PF00001'],3,PF00001
101,CHEMBL1855,CHEMBL2103735,['PF00001'],4,PF00001
102,CHEMBL1855,CHEMBL2110824,['PF00001'],4,PF00001
103,CHEMBL1855,CHEMBL3668014,['PF00001'],3,PF00001
104,CHEMBL1855,CHEMBL502182,['PF00001'],4,PF00001
105,CHEMBL1856,CHEMBL710,['PF02544'],4,PF02544
106,CHEMBL1861,CHEMBL1337,['PF00903'],4,PF00903
107,CHEMBL1862,CHEMBL1421,['PF07714'],4,PF07714
108,CHEMBL1862,CHEMBL1642,['PF07714'],4,PF07714
109,CHEMBL1862,CHEMBL1738757,['PF07714'],2,PF07714
110,CHEMBL1862,CHEMBL1908397,['PF07714'],1,PF07714
111,CHEMBL1862,CHEMBL1946170,['PF07714'],4,PF07714
112,CHEMBL1862,CHEMBL206834,['PF07714'],2,PF07714
113,CHEMBL1862,CHEMBL217092,['PF07714'],3,PF07714
114,CHEMBL1862,CHEMBL288441,['PF07714'],4,PF07714
115,CHEMBL1862,CHEMBL3545085,['PF07714'],1,PF07714
116,CHEMBL1862,CHEMBL3545413,['PF07714'],3,PF07714
117,CHEMBL1862,CHEMBL4208229,['PF07714'],3,PF07714
118,CHEMBL1862,CHEMBL495727,['PF07714'],2,PF07714
119,CHEMBL1865,CHEMBL98,['PF00850'],4,PF00850
120,CHEMBL1868,CHEMBL403989,['PF07714'],2,PF07714
121,CHEMBL1868,CHEMBL587723,['PF07714'],2,PF07714
122,CHEMBL1871,CHEMBL1082407,['PF00104'],4,PF00104
123,CHEMBL1871,CHEMBL1170,['PF00104'],4,PF00104
124,CHEMBL1871,CHEMBL1200335,['PF00104'],4,PF00104
125,CHEMBL1871,CHEMBL1200412,['PF00104'],4,PF00104
126,CHEMBL1871,CHEMBL1200436,['PF00104'],4,PF00104
127,CHEMBL1871,CHEMBL1200585,['PF00104'],4,PF00104
128,CHEMBL1871,CHEMBL1200623,['PF00104'],4,PF00104
129,CHEMBL1871,CHEMBL1200946,['PF00104'],4,PF00104
130,CHEMBL1871,CHEMBL1201048,['PF00104'],4,PF00104
131,CHEMBL1871,CHEMBL1201101,['PF00104'],4,PF00104
132,CHEMBL1871,CHEMBL1274,['PF00104'],4,PF00104
133,CHEMBL1871,CHEMBL1395,['PF00104'],4,PF00104
134,CHEMBL1871,CHEMBL139835,['PF00104'],4,PF00104
135,CHEMBL1871,CHEMBL1418176,['PF00104'],4,PF00104
136,CHEMBL1871,CHEMBL1445,['PF00104'],4,PF00104
137,CHEMBL1871,CHEMBL1479,['PF00104'],4,PF00104
138,CHEMBL1871,CHEMBL1738889,['PF00104'],3,PF00104
139,CHEMBL1871,CHEMBL2079587,['PF00104'],4,PF00104
140,CHEMBL1871,CHEMBL2105738,['PF00104'],3,PF00104
141,CHEMBL1871,CHEMBL2107067,['PF00104'],4,PF00104
142,CHEMBL1871,CHEMBL2346976,['PF00104'],1,PF00104
143,CHEMBL1871,CHEMBL254328,['PF00104'],4,PF00104
144,CHEMBL1871,CHEMBL3183409,['PF00104'],4,PF00104
145,CHEMBL1871,CHEMBL3590187,['PF00104'],4,PF00104
146,CHEMBL1871,CHEMBL386630,['PF00104'],4,PF00104
147,CHEMBL1871,CHEMBL409,['PF00104'],4,PF00104
148,CHEMBL1871,CHEMBL4297185,['PF00104'],4,PF00104
149,CHEMBL1871,CHEMBL806,['PF00104'],4,PF00104
150,CHEMBL1873,CHEMBL1046,['PF00089'],4,PF00089
151,CHEMBL1875,CHEMBL117287,['PF00001'],4,PF00001
152,CHEMBL1875,CHEMBL1200940,['PF00001'],4,PF00001
153,CHEMBL1875,CHEMBL1516474,['PF00001'],4,PF00001
154,CHEMBL1875,CHEMBL1729,['PF00001'],4,PF00001
155,CHEMBL1875,CHEMBL2087337,['PF00001'],2,PF00001
156,CHEMBL1875,CHEMBL2105748,['PF00001'],4,PF00001
157,CHEMBL1875,CHEMBL325109,['PF00001'],4,PF00001
158,CHEMBL1878,CHEMBL1200776,['PF01094'],4,PF01094
159,CHEMBL1881,CHEMBL3707245,['PF00001'],0,PF00001
160,CHEMBL1881,CHEMBL495,['PF00001'],4,PF00001
161,CHEMBL1889,CHEMBL1201108,['PF00001'],4,PF00001
162,CHEMBL1889,CHEMBL419667,['PF00001'],2,PF00001
163,CHEMBL1889,CHEMBL4297183,['PF00001'],3,PF00001
164,CHEMBL1893,CHEMBL117785,['PF07690'],4,PF07690
165,CHEMBL1893,CHEMBL1200515,['PF07690'],4,PF07690
166,CHEMBL1893,CHEMBL1668,['PF07690'],4,PF07690
167,CHEMBL1893,CHEMBL3544971,['PF07690'],4,PF07690
168,CHEMBL1893,CHEMBL612,['PF07690'],4,PF07690
169,CHEMBL1893,CHEMBL772,['PF07690'],4,PF07690
170,CHEMBL1898,CHEMBL1185,['PF00001'],4,PF00001
171,CHEMBL1898,CHEMBL1200521,['PF00001'],4,PF00001
172,CHEMBL1898,CHEMBL1200601,['PF00001'],4,PF00001
173,CHEMBL1898,CHEMBL1201003,['PF00001'],4,PF00001
174,CHEMBL1898,CHEMBL1201032,['PF00001'],4,PF00001
175,CHEMBL1898,CHEMBL1201150,['PF00001'],4,PF00001
176,CHEMBL1898,CHEMBL128,['PF00001'],4,PF00001
177,CHEMBL1898,CHEMBL1631540,['PF00001'],2,PF00001
178,CHEMBL1898,CHEMBL2138684,['PF00001'],4,PF00001
179,CHEMBL1899,CHEMBL1200885,['PF02931'],4,PF02931
180,CHEMBL1899,CHEMBL1200940,['PF02931'],4,PF02931
181,CHEMBL1899,CHEMBL1237080,['PF02931'],4,PF02931
182,CHEMBL1899,CHEMBL1720,['PF02931'],4,PF02931
183,CHEMBL1899,CHEMBL2107387,['PF02931'],4,PF02931
184,CHEMBL1899,CHEMBL2368924,['PF02931'],4,PF02931
185,CHEMBL1899,CHEMBL289469,['PF02931'],4,PF02931
186,CHEMBL1899,CHEMBL3186492,['PF02931'],4,PF02931
187,CHEMBL1899,CHEMBL46,['PF02931'],4,PF02931
188,CHEMBL1900,CHEMBL436,['PF00248'],4,PF00248
189,CHEMBL1900,CHEMBL56337,['PF00248'],2,PF00248
190,CHEMBL1902,CHEMBL1200686,['PF00254'],4,PF00254
191,CHEMBL1902,CHEMBL1201182,['PF00254'],4,PF00254
192,CHEMBL1902,CHEMBL1908360,['PF00254'],4,PF00254
193,CHEMBL1902,CHEMBL413,['PF00254'],4,PF00254
194,CHEMBL1903,CHEMBL1695,['PF00209'],4,PF00209
195,CHEMBL1906,CHEMBL1200485,['PF07714'],4,PF07714
196,CHEMBL1906,CHEMBL1946170,['PF07714'],4,PF07714
197,CHEMBL1907589,CHEMBL2062259,['PF02931'],4,PF02931
198,CHEMBL1907589,CHEMBL2103881,['PF02931'],3,PF02931
199,CHEMBL1907589,CHEMBL2179529,['PF02931'],2,PF02931
200,CHEMBL1907589,CHEMBL3,['PF02931'],4,PF02931
201,CHEMBL1907594,CHEMBL1237082,['PF02931'],4,PF02931
202,CHEMBL1907594,CHEMBL1245,['PF02931'],4,PF02931
203,CHEMBL1907594,CHEMBL1318287,['PF02931'],4,PF02931
204,CHEMBL1907601,CHEMBL189963,['PF00069'],4,PF00069
205,CHEMBL1908,CHEMBL1670,['PF00067'],4,PF00067
206,CHEMBL1908389,CHEMBL290352,['PF07714'],3,PF07714
207,CHEMBL1910,CHEMBL1580,['PF00962'],4,PF00962
208,CHEMBL1911,CHEMBL109,['PF00171'],4,PF00171
209,CHEMBL1911,CHEMBL2105613,['PF00171'],4,PF00171
210,CHEMBL1911,CHEMBL433,['PF00171'],4,PF00171
211,CHEMBL1913,CHEMBL1200485,['PF07714'],4,PF07714
212,CHEMBL1913,CHEMBL124660,['PF07714'],2,PF07714
213,CHEMBL1913,CHEMBL1421,['PF07714'],4,PF07714
214,CHEMBL1913,CHEMBL1642,['PF07714'],4,PF07714
215,CHEMBL1913,CHEMBL1980391,['PF07714'],1,PF07714
216,CHEMBL1913,CHEMBL2079588,['PF07714'],2,PF07714
217,CHEMBL1913,CHEMBL403989,['PF07714'],2,PF07714
218,CHEMBL1914,CHEMBL2105345,['PF00135'],4,PF00135
219,CHEMBL1927,CHEMBL2354773,['PF07992'],4,PF07992
220,CHEMBL1927,CHEMBL2362016,['PF07992'],4,PF07992
221,CHEMBL1935,CHEMBL964,['PF00171'],4,PF00171
222,CHEMBL1936,CHEMBL101253,['PF07714'],3,PF07714
223,CHEMBL1936,CHEMBL1200485,['PF07714'],4,PF07714
224,CHEMBL1936,CHEMBL1230609,['PF07714'],2,PF07714
225,CHEMBL1936,CHEMBL124660,['PF07714'],2,PF07714
226,CHEMBL1936,CHEMBL1421,['PF07714'],4,PF07714
227,CHEMBL1936,CHEMBL1567,['PF07714'],4,PF07714
228,CHEMBL1936,CHEMBL1614710,['PF07714'],1,PF07714
229,CHEMBL1936,CHEMBL1642,['PF07714'],4,PF07714
230,CHEMBL1936,CHEMBL1721885,['PF07714'],2,PF07714
231,CHEMBL1936,CHEMBL1908391,['PF07714'],3,PF07714
232,CHEMBL1936,CHEMBL1946170,['PF07714'],4,PF07714
233,CHEMBL1936,CHEMBL2079588,['PF07714'],2,PF07714
234,CHEMBL1936,CHEMBL2103851,['PF07714'],2,PF07714
235,CHEMBL1936,CHEMBL276711,['PF07714'],3,PF07714
236,CHEMBL1936,CHEMBL3813873,['PF07714'],4,PF07714
237,CHEMBL1936,CHEMBL4204794,['PF07714'],4,PF07714
238,CHEMBL1936,CHEMBL4216467,['PF07714'],4,PF07714
239,CHEMBL1936,CHEMBL482968,['PF07714'],2,PF07714
240,CHEMBL1936,CHEMBL491473,['PF07714'],3,PF07714
241,CHEMBL1936,CHEMBL522892,['PF07714'],3,PF07714
242,CHEMBL1936,CHEMBL572881,['PF07714'],3,PF07714
243,CHEMBL1936,CHEMBL576982,['PF07714'],3,PF07714
244,CHEMBL1936,CHEMBL608533,['PF07714'],4,PF07714
245,CHEMBL1937,CHEMBL272980,['PF00850'],2,PF00850
246,CHEMBL1937,CHEMBL98,['PF00850'],4,PF00850
247,CHEMBL1941,CHEMBL1200949,['PF00001'],4,PF00001
248,CHEMBL1941,CHEMBL1200988,['PF00001'],4,PF00001
249,CHEMBL1941,CHEMBL1689,['PF00001'],4,PF00001
250,CHEMBL1941,CHEMBL1742461,['PF00001'],3,PF00001
251,CHEMBL1941,CHEMBL1742471,['PF00001'],4,PF00001
252,CHEMBL1941,CHEMBL1790041,['PF00001'],4,PF00001
253,CHEMBL1941,CHEMBL2110372,['PF00001'],4,PF00001
254,CHEMBL1941,CHEMBL30,['PF00001'],4,PF00001
255,CHEMBL1941,CHEMBL3183075,['PF00001'],4,PF00001
256,CHEMBL1941,CHEMBL902,['PF00001'],4,PF00001
257,CHEMBL1947,CHEMBL2035874,['PF00104'],3,PF00104
258,CHEMBL1947,CHEMBL3261331,['PF00104'],3,PF00104
259,CHEMBL1949,CHEMBL160,['PF00160'],4,PF00160
260,CHEMBL1949,CHEMBL1651956,['PF00160'],3,PF00160
261,CHEMBL1951,CHEMBL1364551,['PF01593'],4,PF01593
262,CHEMBL1951,CHEMBL278819,['PF01593'],4,PF01593
263,CHEMBL1951,CHEMBL86304,['PF01593'],4,PF01593
264,CHEMBL1952,CHEMBL1773,['PF00303'],4,PF00303
265,CHEMBL1952,CHEMBL185,['PF00303'],4,PF00303
266,CHEMBL1952,CHEMBL225071,['PF00303'],4,PF00303
267,CHEMBL1952,CHEMBL2360464,['PF00303'],4,PF00303
268,CHEMBL1952,CHEMBL917,['PF00303'],4,PF00303
269,CHEMBL1955,CHEMBL2079588,['PF07714'],2,PF07714
270,CHEMBL1957,CHEMBL1091644,['PF07714'],3,PF07714
271,CHEMBL1957,CHEMBL283120,['PF07714'],2,PF07714
272,CHEMBL1957,CHEMBL3545085,['PF07714'],1,PF07714
273,CHEMBL1957,CHEMBL551064,['PF07714'],1,PF07714
274,CHEMBL1957,CHEMBL575448,['PF07714'],2,PF07714
275,CHEMBL1962,CHEMBL262075,['PF02931'],3,PF02931
276,CHEMBL1964,CHEMBL2107383,['PF00520'],3,PF00520
277,CHEMBL1966,CHEMBL960,['PF01180'],4,PF01180
278,CHEMBL1966,CHEMBL973,['PF01180'],4,PF01180
279,CHEMBL1973,CHEMBL1388,['PF00264'],4,PF00264
280,CHEMBL1973,CHEMBL544,['PF00264'],4,PF00264
281,CHEMBL1974,CHEMBL1200485,['PF07714'],4,PF07714
282,CHEMBL1974,CHEMBL1230609,['PF07714'],2,PF07714
283,CHEMBL1974,CHEMBL124660,['PF07714'],2,PF07714
284,CHEMBL1974,CHEMBL1287853,['PF07714'],4,PF07714
285,CHEMBL1974,CHEMBL129857,['PF07714'],1,PF07714
286,CHEMBL1974,CHEMBL1567,['PF07714'],4,PF07714
287,CHEMBL1974,CHEMBL1721885,['PF07714'],2,PF07714
288,CHEMBL1974,CHEMBL1908397,['PF07714'],1,PF07714
289,CHEMBL1974,CHEMBL1944698,['PF07714'],1,PF07714
290,CHEMBL1974,CHEMBL1980391,['PF07714'],1,PF07714
291,CHEMBL1974,CHEMBL2035187,['PF07714'],3,PF07714
292,CHEMBL1974,CHEMBL2103851,['PF07714'],2,PF07714
293,CHEMBL1974,CHEMBL2105728,['PF07714'],3,PF07714
294,CHEMBL1974,CHEMBL223360,['PF07714'],3,PF07714
295,CHEMBL1974,CHEMBL3301622,['PF07714'],4,PF07714
296,CHEMBL1974,CHEMBL3813873,['PF07714'],4,PF07714
297,CHEMBL1974,CHEMBL482968,['PF07714'],2,PF07714
298,CHEMBL1974,CHEMBL495727,['PF07714'],2,PF07714
299,CHEMBL1974,CHEMBL522892,['PF07714'],3,PF07714
300,CHEMBL1974,CHEMBL574738,['PF07714'],1,PF07714
301,CHEMBL1974,CHEMBL576982,['PF07714'],3,PF07714
302,CHEMBL1974,CHEMBL603469,['PF07714'],3,PF07714
303,CHEMBL1974,CHEMBL608533,['PF07714'],4,PF07714
304,CHEMBL1977,CHEMBL1042,['PF00104'],4,PF00104
305,CHEMBL1977,CHEMBL1200622,['PF00104'],4,PF00104
306,CHEMBL1977,CHEMBL1200666,['PF00104'],4,PF00104
307,CHEMBL1977,CHEMBL1200810,['PF00104'],4,PF00104
308,CHEMBL1977,CHEMBL1536,['PF00104'],4,PF00104
309,CHEMBL1977,CHEMBL1601669,['PF00104'],4,PF00104
310,CHEMBL1977,CHEMBL1908376,['PF00104'],3,PF00104
311,CHEMBL1977,CHEMBL2356023,['PF00104'],4,PF00104
312,CHEMBL1977,CHEMBL3544909,['PF00104'],4,PF00104
313,CHEMBL1977,CHEMBL846,['PF00104'],4,PF00104
314,CHEMBL1978,CHEMBL1200374,['PF00067'],4,PF00067
315,CHEMBL1978,CHEMBL1399,['PF00067'],4,PF00067
316,CHEMBL1978,CHEMBL1444,['PF00067'],4,PF00067
317,CHEMBL1978,CHEMBL1571,['PF00067'],4,PF00067
318,CHEMBL1978,CHEMBL488,['PF00067'],4,PF00067
319,CHEMBL1980,CHEMBL1200612,['PF00520'],4,PF00520
320,CHEMBL1980,CHEMBL1200822,['PF00520'],4,PF00520
321,CHEMBL1980,CHEMBL1404,['PF00520'],4,PF00520
322,CHEMBL1980,CHEMBL2107383,['PF00520'],3,PF00520
323,CHEMBL1980,CHEMBL24072,['PF00520'],4,PF00520
324,CHEMBL1981,CHEMBL1091644,['PF07714'],3,PF07714
325,CHEMBL1981,CHEMBL575448,['PF07714'],2,PF07714
326,CHEMBL1983,CHEMBL1185,['PF00001'],4,PF00001
327,CHEMBL1983,CHEMBL1200517,['PF00001'],4,PF00001
328,CHEMBL1983,CHEMBL1200521,['PF00001'],4,PF00001
329,CHEMBL1983,CHEMBL1200601,['PF00001'],4,PF00001
330,CHEMBL1983,CHEMBL1201003,['PF00001'],4,PF00001
331,CHEMBL1983,CHEMBL1201032,['PF00001'],4,PF00001
332,CHEMBL1983,CHEMBL1201150,['PF00001'],4,PF00001
333,CHEMBL1983,CHEMBL128,['PF00001'],4,PF00001
334,CHEMBL1983,CHEMBL1631540,['PF00001'],2,PF00001
335,CHEMBL1983,CHEMBL2106217,['PF00001'],4,PF00001
336,CHEMBL1983,CHEMBL2138684,['PF00001'],4,PF00001
337,CHEMBL1983,CHEMBL2448612,['PF00001'],4,PF00001
338,CHEMBL1985,CHEMBL1933349,['PF00002'],2,PF00002
339,CHEMBL1985,CHEMBL266481,['PF00002'],4,PF00002
340,CHEMBL1987,CHEMBL1051,['PF00001'],4,PF00001
341,CHEMBL1987,CHEMBL1200799,['PF00001'],4,PF00001
342,CHEMBL1987,CHEMBL1200896,['PF00001'],4,PF00001
343,CHEMBL1987,CHEMBL1200963,['PF00001'],4,PF00001
344,CHEMBL1987,CHEMBL1237105,['PF00001'],4,PF00001
345,CHEMBL1987,CHEMBL1963683,['PF00001'],4,PF00001
346,CHEMBL1991,CHEMBL129857,['PF00069'],1,PF00069
347,CHEMBL1991,CHEMBL1762621,['PF00069'],3,PF00069
348,CHEMBL1992,CHEMBL1201129,['PF00145'],4,PF00145
349,CHEMBL1992,CHEMBL1489,['PF00145'],4,PF00145
350,CHEMBL1993,CHEMBL1201129,['PF00145'],4,PF00145
351,CHEMBL1993,CHEMBL1489,['PF00145'],4,PF00145
352,CHEMBL1994,CHEMBL1095097,['PF00104'],4,PF00104
353,CHEMBL1994,CHEMBL1200542,['PF00104'],4,PF00104
354,CHEMBL1994,CHEMBL1200592,['PF00104'],4,PF00104
355,CHEMBL1994,CHEMBL1201010,['PF00104'],4,PF00104
356,CHEMBL1994,CHEMBL1371200,['PF00104'],4,PF00104
357,CHEMBL1994,CHEMBL1393,['PF00104'],4,PF00104
358,CHEMBL1994,CHEMBL1428,['PF00104'],4,PF00104
359,CHEMBL1994,CHEMBL1463345,['PF00104'],4,PF00104
360,CHEMBL1994,CHEMBL1480,['PF00104'],4,PF00104
361,CHEMBL1994,CHEMBL1509,['PF00104'],4,PF00104
362,CHEMBL1994,CHEMBL2181927,['PF00104'],3,PF00104
363,CHEMBL1995,CHEMBL1237119,['PF00001'],4,PF00001
364,CHEMBL1995,CHEMBL238804,['PF00001'],4,PF00001
365,CHEMBL1995,CHEMBL3301604,['PF00001'],3,PF00001
366,CHEMBL1995,CHEMBL494,['PF00001'],4,PF00001
367,CHEMBL1995,CHEMBL962,['PF00001'],4,PF00001
368,CHEMBL1997,CHEMBL932,['PF01733'],4,PF01733
369,CHEMBL2001,CHEMBL1083385,['PF00001'],4,PF00001
370,CHEMBL2001,CHEMBL1097279,['PF00001'],4,PF00001
371,CHEMBL2001,CHEMBL1201773,['PF00001'],4,PF00001
372,CHEMBL2001,CHEMBL1717,['PF00001'],4,PF00001
373,CHEMBL2001,CHEMBL398435,['PF00001'],4,PF00001
374,CHEMBL2003,CHEMBL2105648,['PF00104'],3,PF00104
375,CHEMBL2003,CHEMBL3707313,['PF00104'],4,PF00104
376,CHEMBL2007,CHEMBL2103851,['PF07714'],2,PF07714
377,CHEMBL2007,CHEMBL4204794,['PF07714'],4,PF07714
378,CHEMBL2007,CHEMBL4216467,['PF07714'],4,PF07714
379,CHEMBL2008,CHEMBL25202,['PF00104'],2,PF00104
380,CHEMBL2014,CHEMBL2364605,['PF00001'],3,PF00001
381,CHEMBL202,CHEMBL1201746,['PF00186'],4,PF00186
382,CHEMBL202,CHEMBL2360464,['PF00186'],4,PF00186
383,CHEMBL202,CHEMBL3244648,['PF00186'],4,PF00186
384,CHEMBL202,CHEMBL34259,['PF00186'],4,PF00186
385,CHEMBL2023,CHEMBL1324,['PF01596'],4,PF01596
386,CHEMBL2023,CHEMBL953,['PF01596'],4,PF01596
387,CHEMBL2028,CHEMBL2103975,['PF00001'],3,PF00001
388,CHEMBL203,CHEMBL1079742,['PF07714'],4,PF07714
389,CHEMBL203,CHEMBL1201179,['PF07714'],4,PF07714
390,CHEMBL203,CHEMBL1614725,['PF07714'],1,PF07714
391,CHEMBL203,CHEMBL1645462,['PF07714'],1,PF07714
392,CHEMBL203,CHEMBL180022,['PF07714'],4,PF07714
393,CHEMBL203,CHEMBL2029988,['PF07714'],1,PF07714
394,CHEMBL203,CHEMBL2103842,['PF07714'],2,PF07714
395,CHEMBL203,CHEMBL2105712,['PF07714'],4,PF07714
396,CHEMBL203,CHEMBL2105719,['PF07714'],4,PF07714
397,CHEMBL203,CHEMBL2110732,['PF07714'],4,PF07714
398,CHEMBL203,CHEMBL2408045,['PF07714'],2,PF07714
399,CHEMBL203,CHEMBL258940,['PF07714'],1,PF07714
400,CHEMBL203,CHEMBL3353410,['PF07714'],4,PF07714
401,CHEMBL203,CHEMBL3544983,['PF07714'],3,PF07714
402,CHEMBL203,CHEMBL3545308,['PF07714'],3,PF07714
403,CHEMBL203,CHEMBL3545311,['PF07714'],4,PF07714
404,CHEMBL203,CHEMBL3545396,['PF07714'],2,PF07714
405,CHEMBL203,CHEMBL545315,['PF07714'],3,PF07714
406,CHEMBL203,CHEMBL587723,['PF07714'],2,PF07714
407,CHEMBL203,CHEMBL598797,['PF07714'],1,PF07714
408,CHEMBL203,CHEMBL607707,['PF07714'],2,PF07714
409,CHEMBL203,CHEMBL939,['PF07714'],4,PF07714
410,CHEMBL2034,CHEMBL1091,['PF00104'],4,PF00104
411,CHEMBL2034,CHEMBL1152,['PF00104'],4,PF00104
412,CHEMBL2034,CHEMBL1159650,['PF00104'],4,PF00104
413,CHEMBL2034,CHEMBL1161,['PF00104'],4,PF00104
414,CHEMBL2034,CHEMBL1200342,['PF00104'],4,PF00104
415,CHEMBL2034,CHEMBL1200376,['PF00104'],4,PF00104
416,CHEMBL2034,CHEMBL1200384,['PF00104'],4,PF00104
417,CHEMBL2034,CHEMBL1200386,['PF00104'],4,PF00104
418,CHEMBL2034,CHEMBL1200449,['PF00104'],4,PF00104
419,CHEMBL2034,CHEMBL1200495,['PF00104'],4,PF00104
420,CHEMBL2034,CHEMBL1200500,['PF00104'],4,PF00104
421,CHEMBL2034,CHEMBL1200538,['PF00104'],4,PF00104
422,CHEMBL2034,CHEMBL1200545,['PF00104'],4,PF00104
423,CHEMBL2034,CHEMBL1200562,['PF00104'],4,PF00104
424,CHEMBL2034,CHEMBL1200600,['PF00104'],4,PF00104
425,CHEMBL2034,CHEMBL1200617,['PF00104'],4,PF00104
426,CHEMBL2034,CHEMBL1200732,['PF00104'],4,PF00104
427,CHEMBL2034,CHEMBL1200774,['PF00104'],4,PF00104
428,CHEMBL2034,CHEMBL1200845,['PF00104'],4,PF00104
429,CHEMBL2034,CHEMBL1200865,['PF00104'],4,PF00104
430,CHEMBL2034,CHEMBL1200877,['PF00104'],4,PF00104
431,CHEMBL2034,CHEMBL1200908,['PF00104'],4,PF00104
432,CHEMBL2034,CHEMBL1200909,['PF00104'],4,PF00104
433,CHEMBL2034,CHEMBL1200953,['PF00104'],4,PF00104
434,CHEMBL2034,CHEMBL1200968,['PF00104'],4,PF00104
435,CHEMBL2034,CHEMBL1200975,['PF00104'],4,PF00104
436,CHEMBL2034,CHEMBL1200989,['PF00104'],4,PF00104
437,CHEMBL2034,CHEMBL1201012,['PF00104'],4,PF00104
438,CHEMBL2034,CHEMBL1201014,['PF00104'],4,PF00104
439,CHEMBL2034,CHEMBL1201064,['PF00104'],4,PF00104
440,CHEMBL2034,CHEMBL1201081,['PF00104'],4,PF00104
441,CHEMBL2034,CHEMBL1201109,['PF00104'],4,PF00104
442,CHEMBL2034,CHEMBL1201148,['PF00104'],4,PF00104
443,CHEMBL2034,CHEMBL1201173,['PF00104'],4,PF00104
444,CHEMBL2034,CHEMBL1201749,['PF00104'],4,PF00104
445,CHEMBL2034,CHEMBL1201891,['PF00104'],4,PF00104
446,CHEMBL2034,CHEMBL1276308,['PF00104'],4,PF00104
447,CHEMBL2034,CHEMBL131,['PF00104'],4,PF00104
448,CHEMBL2034,CHEMBL1364144,['PF00104'],4,PF00104
449,CHEMBL2034,CHEMBL1370,['PF00104'],4,PF00104
450,CHEMBL2034,CHEMBL139835,['PF00104'],4,PF00104
451,CHEMBL2034,CHEMBL1451,['PF00104'],4,PF00104
452,CHEMBL2034,CHEMBL1473,['PF00104'],4,PF00104
453,CHEMBL2034,CHEMBL1497,['PF00104'],4,PF00104
454,CHEMBL2034,CHEMBL1501,['PF00104'],4,PF00104
455,CHEMBL2034,CHEMBL1504,['PF00104'],4,PF00104
456,CHEMBL2034,CHEMBL1512,['PF00104'],4,PF00104
457,CHEMBL2034,CHEMBL1530428,['PF00104'],4,PF00104
458,CHEMBL2034,CHEMBL1549,['PF00104'],4,PF00104
459,CHEMBL2034,CHEMBL1650,['PF00104'],4,PF00104
460,CHEMBL2034,CHEMBL1676,['PF00104'],4,PF00104
461,CHEMBL2034,CHEMBL1683,['PF00104'],4,PF00104
462,CHEMBL2034,CHEMBL1766,['PF00104'],4,PF00104
463,CHEMBL2034,CHEMBL2021430,['PF00104'],4,PF00104
464,CHEMBL2034,CHEMBL2040682,['PF00104'],4,PF00104
465,CHEMBL2034,CHEMBL2103876,['PF00104'],3,PF00104
466,CHEMBL2034,CHEMBL271220,['PF00104'],1,PF00104
467,CHEMBL2034,CHEMBL384467,['PF00104'],4,PF00104
468,CHEMBL2034,CHEMBL389621,['PF00104'],4,PF00104
469,CHEMBL2034,CHEMBL4068611,['PF00104'],3,PF00104
470,CHEMBL2034,CHEMBL632,['PF00104'],4,PF00104
471,CHEMBL2034,CHEMBL635,['PF00104'],4,PF00104
472,CHEMBL2034,CHEMBL650,['PF00104'],4,PF00104
473,CHEMBL2034,CHEMBL989,['PF00104'],4,PF00104
474,CHEMBL2039,CHEMBL1200904,['PF01593'],4,PF01593
475,CHEMBL2039,CHEMBL1201142,['PF01593'],4,PF01593
476,CHEMBL2039,CHEMBL2107771,['PF01593'],3,PF01593
477,CHEMBL2039,CHEMBL396778,['PF01593'],4,PF01593
478,CHEMBL2039,CHEMBL48582,['PF01593'],4,PF01593
479,CHEMBL2039,CHEMBL972,['PF01593'],4,PF01593
480,CHEMBL204,CHEMBL1166,['PF00089'],4,PF00089
481,CHEMBL204,CHEMBL2103749,['PF00089'],4,PF00089
482,CHEMBL204,CHEMBL48361,['PF00089'],3,PF00089
483,CHEMBL204,CHEMBL522038,['PF00089'],4,PF00089
484,CHEMBL2041,CHEMBL1200485,['PF07714'],4,PF07714
485,CHEMBL2041,CHEMBL1567,['PF07714'],4,PF07714
486,CHEMBL2041,CHEMBL1946170,['PF07714'],4,PF07714
487,CHEMBL2041,CHEMBL2029988,['PF07714'],1,PF07714
488,CHEMBL2041,CHEMBL24828,['PF07714'],4,PF07714
489,CHEMBL2041,CHEMBL4559134,['PF07714'],4,PF07714
490,CHEMBL2041,CHEMBL4582651,['PF07714'],3,PF07714
491,CHEMBL2041,CHEMBL572881,['PF07714'],3,PF07714
492,CHEMBL2041,CHEMBL574738,['PF07714'],1,PF07714
493,CHEMBL2041,CHEMBL576982,['PF07714'],3,PF07714
494,CHEMBL2041,CHEMBL603469,['PF07714'],3,PF07714
495,CHEMBL2044,CHEMBL89598,['PF00202'],4,PF00202
496,CHEMBL2045,CHEMBL1566,['PF00128'],4,PF00128
497,CHEMBL2047,CHEMBL1551,['PF00104'],4,PF00104
498,CHEMBL2047,CHEMBL240597,['PF00104'],4,PF00104
499,CHEMBL2047,CHEMBL454138,['PF00104'],1,PF00104
500,CHEMBL2047,CHEMBL566315,['PF00104'],4,PF00104
501,CHEMBL2049,CHEMBL3301668,['PF00001'],4,PF00001
502,CHEMBL2049,CHEMBL382301,['PF00001'],4,PF00001
503,CHEMBL2049,CHEMBL395429,['PF00001'],4,PF00001
504,CHEMBL2049,CHEMBL419667,['PF00001'],2,PF00001
505,CHEMBL2049,CHEMBL429736,['PF00001'],3,PF00001
506,CHEMBL205,CHEMBL1201162,['PF00194'],4,PF00194
507,CHEMBL205,CHEMBL166863,['PF00194'],3,PF00194
508,CHEMBL205,CHEMBL17,['PF00194'],4,PF00194
509,CHEMBL205,CHEMBL19,['PF00194'],4,PF00194
510,CHEMBL205,CHEMBL20,['PF00194'],4,PF00194
511,CHEMBL205,CHEMBL220491,['PF00194'],4,PF00194
512,CHEMBL205,CHEMBL220492,['PF00194'],4,PF00194
513,CHEMBL2051,CHEMBL1200340,['PF00064'],4,PF00064
514,CHEMBL2051,CHEMBL222813,['PF00064'],4,PF00064
515,CHEMBL2051,CHEMBL3989402,['PF00064'],4,PF00064
516,CHEMBL2055,CHEMBL25202,['PF00104'],2,PF00104
517,CHEMBL2056,CHEMBL1026,['PF00001'],4,PF00001
518,CHEMBL2056,CHEMBL1200843,['PF00001'],4,PF00001
519,CHEMBL2056,CHEMBL298406,['PF00001'],3,PF00001
520,CHEMBL206,CHEMBL1018,['PF00104'],4,PF00104
521,CHEMBL206,CHEMBL1200430,['PF00104'],4,PF00104
522,CHEMBL206,CHEMBL1200973,['PF00104'],4,PF00104
523,CHEMBL206,CHEMBL1200980,['PF00104'],4,PF00104
524,CHEMBL206,CHEMBL1201151,['PF00104'],4,PF00104
525,CHEMBL206,CHEMBL135,['PF00104'],4,PF00104
526,CHEMBL206,CHEMBL1405,['PF00104'],4,PF00104
527,CHEMBL206,CHEMBL1511,['PF00104'],4,PF00104
528,CHEMBL206,CHEMBL3185958,['PF00104'],4,PF00104
529,CHEMBL206,CHEMBL3581693,['PF00104'],2,PF00104
530,CHEMBL206,CHEMBL411,['PF00104'],4,PF00104
531,CHEMBL206,CHEMBL4297509,['PF00104'],3,PF00104
532,CHEMBL206,CHEMBL691,['PF00104'],4,PF00104
533,CHEMBL206,CHEMBL786,['PF00104'],4,PF00104
534,CHEMBL206,CHEMBL954,['PF00104'],3,PF00104
535,CHEMBL2061,CHEMBL1716091,['PF00104'],2,PF00104
536,CHEMBL2061,CHEMBL53418,['PF00104'],4,PF00104
537,CHEMBL2063,CHEMBL1029,['PF13506'],4,PF13506
538,CHEMBL2068,CHEMBL1421,['PF07714'],4,PF07714
539,CHEMBL2069,CHEMBL2107786,['PF00001'],3,PF00001
540,CHEMBL2069,CHEMBL361812,['PF00001'],2,PF00001
541,CHEMBL2069,CHEMBL70972,['PF00001'],0,PF00001
542,CHEMBL2072,CHEMBL1098,['PF00520'],4,PF00520
543,CHEMBL2072,CHEMBL1200396,['PF00520'],4,PF00520
544,CHEMBL2072,CHEMBL1200749,['PF00520'],4,PF00520
545,CHEMBL2072,CHEMBL1404,['PF00520'],4,PF00520
546,CHEMBL2073677,CHEMBL897,['PF00083'],4,PF00083
547,CHEMBL208,CHEMBL103,['PF00104'],4,PF00104
548,CHEMBL208,CHEMBL110691,['PF00104'],4,PF00104
549,CHEMBL208,CHEMBL1162,['PF00104'],4,PF00104
550,CHEMBL208,CHEMBL1200624,['PF00104'],4,PF00104
551,CHEMBL208,CHEMBL1200807,['PF00104'],4,PF00104
552,CHEMBL208,CHEMBL1200848,['PF00104'],4,PF00104
553,CHEMBL208,CHEMBL1200853,['PF00104'],4,PF00104
554,CHEMBL208,CHEMBL1200934,['PF00104'],4,PF00104
555,CHEMBL208,CHEMBL1201139,['PF00104'],4,PF00104
556,CHEMBL208,CHEMBL1201146,['PF00104'],4,PF00104
557,CHEMBL208,CHEMBL1276308,['PF00104'],4,PF00104
558,CHEMBL208,CHEMBL1387,['PF00104'],4,PF00104
559,CHEMBL208,CHEMBL1389,['PF00104'],4,PF00104
560,CHEMBL208,CHEMBL139835,['PF00104'],4,PF00104
561,CHEMBL208,CHEMBL1479,['PF00104'],4,PF00104
562,CHEMBL208,CHEMBL1509,['PF00104'],4,PF00104
563,CHEMBL208,CHEMBL1531,['PF00104'],4,PF00104
564,CHEMBL208,CHEMBL1533,['PF00104'],4,PF00104
565,CHEMBL208,CHEMBL1908373,['PF00104'],4,PF00104
566,CHEMBL208,CHEMBL2103846,['PF00104'],4,PF00104
567,CHEMBL208,CHEMBL2105618,['PF00104'],4,PF00104
568,CHEMBL208,CHEMBL2107797,['PF00104'],4,PF00104
569,CHEMBL208,CHEMBL260538,['PF00104'],4,PF00104
570,CHEMBL208,CHEMBL267431,['PF00104'],3,PF00104
571,CHEMBL208,CHEMBL717,['PF00104'],4,PF00104
572,CHEMBL2085,CHEMBL2107455,['PF01187'],3,PF01187
573,CHEMBL2095189,CHEMBL101253,['PF07714'],3,PF07714
574,CHEMBL2095189,CHEMBL1230609,['PF07714'],2,PF07714
575,CHEMBL2095189,CHEMBL1567,['PF07714'],4,PF07714
576,CHEMBL2095189,CHEMBL1721885,['PF07714'],2,PF07714
577,CHEMBL2095189,CHEMBL1908391,['PF07714'],3,PF07714
578,CHEMBL2095189,CHEMBL1946170,['PF07714'],4,PF07714
579,CHEMBL2095189,CHEMBL1980297,['PF07714'],2,PF07714
580,CHEMBL2095189,CHEMBL2105728,['PF07714'],3,PF07714
581,CHEMBL2095189,CHEMBL2180604,['PF07714'],1,PF07714
582,CHEMBL2095189,CHEMBL223360,['PF07714'],3,PF07714
583,CHEMBL2095189,CHEMBL274654,['PF07714'],3,PF07714
584,CHEMBL2095189,CHEMBL3039504,['PF07714'],4,PF07714
585,CHEMBL2095189,CHEMBL491473,['PF07714'],3,PF07714
586,CHEMBL2095189,CHEMBL522892,['PF07714'],3,PF07714
587,CHEMBL2095189,CHEMBL572881,['PF07714'],3,PF07714
588,CHEMBL2095189,CHEMBL576982,['PF07714'],3,PF07714
589,CHEMBL2095189,CHEMBL608533,['PF07714'],4,PF07714
590,CHEMBL2095198,CHEMBL1200338,['PF00664'],4,PF00664
591,CHEMBL2095198,CHEMBL802,['PF00664'],4,PF00664
592,CHEMBL2096972,CHEMBL1073,['PF00664'],4,PF00664
593,CHEMBL2096972,CHEMBL1272,['PF00664'],4,PF00664
594,CHEMBL2096972,CHEMBL1481,['PF00664'],4,PF00664
595,CHEMBL2096972,CHEMBL1589,['PF00664'],4,PF00664
596,CHEMBL2096972,CHEMBL472,['PF00664'],4,PF00664
597,CHEMBL2096972,CHEMBL498,['PF00664'],4,PF00664
598,CHEMBL2096972,CHEMBL782,['PF00664'],4,PF00664
599,CHEMBL2096972,CHEMBL783,['PF00664'],4,PF00664
600,CHEMBL2096972,CHEMBL817,['PF00664'],4,PF00664
601,CHEMBL210,CHEMBL1082607,['PF00001'],4,PF00001
602,CHEMBL210,CHEMBL1084172,['PF00001'],4,PF00001
603,CHEMBL210,CHEMBL1200418,['PF00001'],4,PF00001
604,CHEMBL210,CHEMBL1200745,['PF00001'],4,PF00001
605,CHEMBL210,CHEMBL1200870,['PF00001'],4,PF00001
606,CHEMBL210,CHEMBL1200893,['PF00001'],4,PF00001
607,CHEMBL210,CHEMBL1201061,['PF00001'],4,PF00001
608,CHEMBL210,CHEMBL1201063,['PF00001'],4,PF00001
609,CHEMBL210,CHEMBL1201115,['PF00001'],4,PF00001
610,CHEMBL210,CHEMBL1201153,['PF00001'],4,PF00001
611,CHEMBL210,CHEMBL1201177,['PF00001'],4,PF00001
612,CHEMBL210,CHEMBL1201731,['PF00001'],4,PF00001
613,CHEMBL210,CHEMBL1204165,['PF00001'],4,PF00001
614,CHEMBL210,CHEMBL1315867,['PF00001'],4,PF00001
615,CHEMBL210,CHEMBL1367605,['PF00001'],4,PF00001
616,CHEMBL210,CHEMBL1441059,['PF00001'],4,PF00001
617,CHEMBL210,CHEMBL1568057,['PF00001'],4,PF00001
618,CHEMBL210,CHEMBL16476,['PF00001'],4,PF00001
619,CHEMBL210,CHEMBL1671,['PF00001'],4,PF00001
620,CHEMBL210,CHEMBL1700,['PF00001'],4,PF00001
621,CHEMBL210,CHEMBL1789842,['PF00001'],4,PF00001
622,CHEMBL210,CHEMBL1940832,['PF00001'],2,PF00001
623,CHEMBL210,CHEMBL1951071,['PF00001'],4,PF00001
624,CHEMBL210,CHEMBL2012520,['PF00001'],2,PF00001
625,CHEMBL210,CHEMBL2361370,['PF00001'],4,PF00001
626,CHEMBL210,CHEMBL27810,['PF00001'],4,PF00001
627,CHEMBL210,CHEMBL32800,['PF00001'],4,PF00001
628,CHEMBL210,CHEMBL3989798,['PF00001'],4,PF00001
629,CHEMBL210,CHEMBL49080,['PF00001'],4,PF00001
630,CHEMBL210,CHEMBL499,['PF00001'],4,PF00001
631,CHEMBL210,CHEMBL500,['PF00001'],4,PF00001
632,CHEMBL210,CHEMBL521589,['PF00001'],3,PF00001
633,CHEMBL210,CHEMBL559180,['PF00001'],4,PF00001
634,CHEMBL210,CHEMBL649,['PF00001'],4,PF00001
635,CHEMBL210,CHEMBL714,['PF00001'],4,PF00001
636,CHEMBL2107,CHEMBL18442,['PF00001'],4,PF00001
637,CHEMBL2107836,CHEMBL1398126,['PF00858'],4,PF00858
638,CHEMBL2107836,CHEMBL585,['PF00858'],4,PF00858
639,CHEMBL211,CHEMBL1133,['PF00001'],4,PF00001
640,CHEMBL211,CHEMBL1200803,['PF00001'],4,PF00001
641,CHEMBL211,CHEMBL1200935,['PF00001'],4,PF00001
642,CHEMBL211,CHEMBL1201765,['PF00001'],4,PF00001
643,CHEMBL211,CHEMBL1231,['PF00001'],4,PF00001
644,CHEMBL211,CHEMBL1240,['PF00001'],4,PF00001
645,CHEMBL211,CHEMBL1722209,['PF00001'],4,PF00001
646,CHEMBL211,CHEMBL1768,['PF00001'],4,PF00001
647,CHEMBL211,CHEMBL2146146,['PF00001'],4,PF00001
648,CHEMBL211,CHEMBL3084748,['PF00001'],4,PF00001
649,CHEMBL211,CHEMBL3305985,['PF00001'],4,PF00001
650,CHEMBL211,CHEMBL517712,['PF00001'],4,PF00001
651,CHEMBL2111392,CHEMBL1521,['PF02931'],4,PF02931
652,CHEMBL2111392,CHEMBL3989820,['PF02931'],4,PF02931
653,CHEMBL2111455,CHEMBL189963,['PF00069'],4,PF00069
654,CHEMBL2111459,CHEMBL3544960,['PF00069'],1,PF00069
655,CHEMBL2111459,CHEMBL571948,['PF00069'],1,PF00069
656,CHEMBL2111462,CHEMBL1201119,['PF00104'],4,PF00104
657,CHEMBL2111462,CHEMBL1544,['PF00104'],4,PF00104
658,CHEMBL2111462,CHEMBL3545058,['PF00104'],4,PF00104
659,CHEMBL2111462,CHEMBL559,['PF00104'],4,PF00104
660,CHEMBL2111463,CHEMBL1200682,['PF01094'],4,PF01094
661,CHEMBL2111463,CHEMBL301742,['PF01094'],3,PF01094
662,CHEMBL2111463,CHEMBL701,['PF01094'],4,PF01094
663,CHEMBL2123,CHEMBL1767408,['PF00001'],3,PF00001
664,CHEMBL213,CHEMBL1200418,['PF00001'],4,PF00001
665,CHEMBL213,CHEMBL1200745,['PF00001'],4,PF00001
666,CHEMBL213,CHEMBL1200813,['PF00001'],4,PF00001
667,CHEMBL213,CHEMBL1200870,['PF00001'],4,PF00001
668,CHEMBL213,CHEMBL1201063,['PF00001'],4,PF00001
669,CHEMBL213,CHEMBL1201115,['PF00001'],4,PF00001
670,CHEMBL213,CHEMBL1201177,['PF00001'],4,PF00001
671,CHEMBL213,CHEMBL1201731,['PF00001'],4,PF00001
672,CHEMBL213,CHEMBL1472989,['PF00001'],4,PF00001
673,CHEMBL213,CHEMBL1557,['PF00001'],4,PF00001
674,CHEMBL213,CHEMBL16476,['PF00001'],4,PF00001
675,CHEMBL213,CHEMBL1671,['PF00001'],4,PF00001
676,CHEMBL213,CHEMBL1691,['PF00001'],4,PF00001
677,CHEMBL213,CHEMBL1700,['PF00001'],4,PF00001
678,CHEMBL213,CHEMBL1742466,['PF00001'],3,PF00001
679,CHEMBL213,CHEMBL2012520,['PF00001'],2,PF00001
680,CHEMBL213,CHEMBL2062335,['PF00001'],4,PF00001
681,CHEMBL213,CHEMBL2356097,['PF00001'],4,PF00001
682,CHEMBL213,CHEMBL2361370,['PF00001'],4,PF00001
683,CHEMBL213,CHEMBL24,['PF00001'],4,PF00001
684,CHEMBL213,CHEMBL27810,['PF00001'],4,PF00001
685,CHEMBL213,CHEMBL499,['PF00001'],4,PF00001
686,CHEMBL213,CHEMBL500,['PF00001'],4,PF00001
687,CHEMBL213,CHEMBL649,['PF00001'],4,PF00001
688,CHEMBL214,CHEMBL1112,['PF00001'],4,PF00001
689,CHEMBL214,CHEMBL1200399,['PF00001'],4,PF00001
690,CHEMBL214,CHEMBL1512580,['PF00001'],3,PF00001
691,CHEMBL214,CHEMBL1615374,['PF00001'],4,PF00001
692,CHEMBL214,CHEMBL1631540,['PF00001'],2,PF00001
693,CHEMBL214,CHEMBL1742408,['PF00001'],3,PF00001
694,CHEMBL214,CHEMBL209821,['PF00001'],3,PF00001
695,CHEMBL214,CHEMBL2105760,['PF00001'],4,PF00001
696,CHEMBL214,CHEMBL2107387,['PF00001'],4,PF00001
697,CHEMBL214,CHEMBL218166,['PF00001'],3,PF00001
698,CHEMBL214,CHEMBL253371,['PF00001'],4,PF00001
699,CHEMBL214,CHEMBL3989558,['PF00001'],4,PF00001
700,CHEMBL2148,CHEMBL3039513,['PF07714'],2,PF07714
701,CHEMBL2148,CHEMBL405130,['PF07714'],1,PF07714
702,CHEMBL2148,CHEMBL4085457,['PF07714'],3,PF07714
703,CHEMBL2148,CHEMBL495727,['PF07714'],2,PF07714
704,CHEMBL216,CHEMBL1092,['PF00001'],4,PF00001
705,CHEMBL216,CHEMBL1200330,['PF00001'],4,PF00001
706,CHEMBL216,CHEMBL1200347,['PF00001'],4,PF00001
707,CHEMBL216,CHEMBL1200383,['PF00001'],4,PF00001
708,CHEMBL216,CHEMBL1200426,['PF00001'],4,PF00001
709,CHEMBL216,CHEMBL1200479,['PF00001'],4,PF00001
710,CHEMBL216,CHEMBL1200771,['PF00001'],4,PF00001
711,CHEMBL216,CHEMBL1200880,['PF00001'],4,PF00001
712,CHEMBL216,CHEMBL1200891,['PF00001'],4,PF00001
713,CHEMBL216,CHEMBL1200906,['PF00001'],4,PF00001
714,CHEMBL216,CHEMBL1200950,['PF00001'],4,PF00001
715,CHEMBL216,CHEMBL1200970,['PF00001'],4,PF00001
716,CHEMBL216,CHEMBL1201027,['PF00001'],4,PF00001
717,CHEMBL216,CHEMBL1201035,['PF00001'],4,PF00001
718,CHEMBL216,CHEMBL1240,['PF00001'],4,PF00001
719,CHEMBL216,CHEMBL1354199,['PF00001'],4,PF00001
720,CHEMBL216,CHEMBL1364551,['PF00001'],4,PF00001
721,CHEMBL216,CHEMBL1529,['PF00001'],4,PF00001
722,CHEMBL216,CHEMBL1578,['PF00001'],4,PF00001
723,CHEMBL216,CHEMBL1724,['PF00001'],4,PF00001
724,CHEMBL216,CHEMBL1761,['PF00001'],4,PF00001
725,CHEMBL216,CHEMBL2146146,['PF00001'],4,PF00001
726,CHEMBL216,CHEMBL2218917,['PF00001'],4,PF00001
727,CHEMBL216,CHEMBL278819,['PF00001'],4,PF00001
728,CHEMBL216,CHEMBL517712,['PF00001'],4,PF00001
729,CHEMBL216,CHEMBL550,['PF00001'],4,PF00001
730,CHEMBL216,CHEMBL569713,['PF00001'],4,PF00001
731,CHEMBL216,CHEMBL9967,['PF00001'],4,PF00001
732,CHEMBL217,CHEMBL1112,['PF00001'],4,PF00001
733,CHEMBL217,CHEMBL1200419,['PF00001'],4,PF00001
734,CHEMBL217,CHEMBL1200854,['PF00001'],4,PF00001
735,CHEMBL217,CHEMBL1200940,['PF00001'],4,PF00001
736,CHEMBL217,CHEMBL1200948,['PF00001'],4,PF00001
737,CHEMBL217,CHEMBL1200951,['PF00001'],4,PF00001
738,CHEMBL217,CHEMBL1201,['PF00001'],4,PF00001
739,CHEMBL217,CHEMBL1201052,['PF00001'],4,PF00001
740,CHEMBL217,CHEMBL1201087,['PF00001'],4,PF00001
741,CHEMBL217,CHEMBL1201102,['PF00001'],4,PF00001
742,CHEMBL217,CHEMBL1201154,['PF00001'],4,PF00001
743,CHEMBL217,CHEMBL12713,['PF00001'],4,PF00001
744,CHEMBL217,CHEMBL1314751,['PF00001'],4,PF00001
745,CHEMBL217,CHEMBL1375743,['PF00001'],4,PF00001
746,CHEMBL217,CHEMBL14376,['PF00001'],4,PF00001
747,CHEMBL217,CHEMBL1448187,['PF00001'],4,PF00001
748,CHEMBL217,CHEMBL1615372,['PF00001'],4,PF00001
749,CHEMBL217,CHEMBL1621,['PF00001'],4,PF00001
750,CHEMBL217,CHEMBL178803,['PF00001'],3,PF00001
751,CHEMBL217,CHEMBL2024517,['PF00001'],4,PF00001
752,CHEMBL217,CHEMBL2105760,['PF00001'],4,PF00001
753,CHEMBL217,CHEMBL218166,['PF00001'],3,PF00001
754,CHEMBL217,CHEMBL219916,['PF00001'],4,PF00001
755,CHEMBL217,CHEMBL22242,['PF00001'],4,PF00001
756,CHEMBL217,CHEMBL2358147,['PF00001'],4,PF00001
757,CHEMBL217,CHEMBL2359670,['PF00001'],4,PF00001
758,CHEMBL217,CHEMBL2360079,['PF00001'],4,PF00001
759,CHEMBL217,CHEMBL26,['PF00001'],4,PF00001
760,CHEMBL217,CHEMBL28218,['PF00001'],4,PF00001
761,CHEMBL217,CHEMBL297302,['PF00001'],4,PF00001
762,CHEMBL217,CHEMBL3188993,['PF00001'],4,PF00001
763,CHEMBL217,CHEMBL325109,['PF00001'],4,PF00001
764,CHEMBL217,CHEMBL3544974,['PF00001'],4,PF00001
765,CHEMBL217,CHEMBL3989478,['PF00001'],4,PF00001
766,CHEMBL217,CHEMBL3989556,['PF00001'],4,PF00001
767,CHEMBL217,CHEMBL42,['PF00001'],4,PF00001
768,CHEMBL217,CHEMBL567,['PF00001'],4,PF00001
769,CHEMBL217,CHEMBL570,['PF00001'],4,PF00001
770,CHEMBL217,CHEMBL596802,['PF00001'],3,PF00001
771,CHEMBL217,CHEMBL728,['PF00001'],4,PF00001
772,CHEMBL217,CHEMBL85,['PF00001'],4,PF00001
773,CHEMBL217,CHEMBL908,['PF00001'],4,PF00001
774,CHEMBL2179,CHEMBL2105671,['PF02055'],2,PF02055
775,CHEMBL218,CHEMBL111,['PF00001'],4,PF00001
776,CHEMBL218,CHEMBL190461,['PF00001'],4,PF00001
777,CHEMBL218,CHEMBL220360,['PF00001'],3,PF00001
778,CHEMBL218,CHEMBL2218896,['PF00001'],4,PF00001
779,CHEMBL218,CHEMBL465,['PF00001'],4,PF00001
780,CHEMBL218,CHEMBL562668,['PF00001'],3,PF00001
781,CHEMBL2185,CHEMBL1090479,['PF00069'],1,PF00069
782,CHEMBL2185,CHEMBL1908397,['PF00069'],1,PF00069
783,CHEMBL2185,CHEMBL3544932,['PF00069'],1,PF00069
784,CHEMBL2185,CHEMBL415049,['PF00069'],3,PF00069
785,CHEMBL2185,CHEMBL482968,['PF00069'],2,PF00069
786,CHEMBL2185,CHEMBL495727,['PF00069'],2,PF00069
787,CHEMBL219,CHEMBL304902,['PF00001'],4,PF00001
788,CHEMBL220,CHEMBL1025,['PF00135'],4,PF00135
789,CHEMBL220,CHEMBL1128,['PF00135'],4,PF00135
790,CHEMBL220,CHEMBL1200367,['PF00135'],4,PF00135
791,CHEMBL220,CHEMBL1200514,['PF00135'],4,PF00135
792,CHEMBL220,CHEMBL1200541,['PF00135'],4,PF00135
793,CHEMBL220,CHEMBL1200933,['PF00135'],4,PF00135
794,CHEMBL220,CHEMBL1201341,['PF00135'],4,PF00135
795,CHEMBL220,CHEMBL1364551,['PF00135'],4,PF00135
796,CHEMBL220,CHEMBL1555,['PF00135'],4,PF00135
797,CHEMBL220,CHEMBL1678,['PF00135'],4,PF00135
798,CHEMBL220,CHEMBL2105345,['PF00135'],4,PF00135
799,CHEMBL220,CHEMBL2107308,['PF00135'],3,PF00135
800,CHEMBL220,CHEMBL211471,['PF00135'],4,PF00135
801,CHEMBL220,CHEMBL278819,['PF00135'],4,PF00135
802,CHEMBL220,CHEMBL338975,['PF00135'],4,PF00135
803,CHEMBL220,CHEMBL748,['PF00135'],4,PF00135
804,CHEMBL220,CHEMBL812,['PF00135'],4,PF00135
805,CHEMBL2203,CHEMBL489095,['PF00001'],3,PF00001
806,CHEMBL2208,CHEMBL3544960,['PF00069'],1,PF00069
807,CHEMBL221,CHEMBL259972,['PF03098'],0,PF03098
808,CHEMBL221,CHEMBL277474,['PF03098'],4,PF03098
809,CHEMBL221,CHEMBL94081,['PF03098'],4,PF03098
810,CHEMBL222,CHEMBL1095292,['PF00209'],4,PF00209
811,CHEMBL222,CHEMBL1113,['PF00209'],4,PF00209
812,CHEMBL222,CHEMBL1118,['PF00209'],4,PF00209
813,CHEMBL222,CHEMBL1200328,['PF00209'],4,PF00209
814,CHEMBL222,CHEMBL1200332,['PF00209'],4,PF00209
815,CHEMBL222,CHEMBL1200395,['PF00209'],4,PF00209
816,CHEMBL222,CHEMBL1200483,['PF00209'],4,PF00209
817,CHEMBL222,CHEMBL1200492,['PF00209'],4,PF00209
818,CHEMBL222,CHEMBL1200695,['PF00209'],4,PF00209
819,CHEMBL222,CHEMBL1200724,['PF00209'],4,PF00209
820,CHEMBL222,CHEMBL1200912,['PF00209'],4,PF00209
821,CHEMBL222,CHEMBL1200948,['PF00209'],4,PF00209
822,CHEMBL222,CHEMBL1200964,['PF00209'],4,PF00209
823,CHEMBL222,CHEMBL1201023,['PF00209'],4,PF00209
824,CHEMBL222,CHEMBL1201066,['PF00209'],4,PF00209
825,CHEMBL222,CHEMBL1201156,['PF00209'],4,PF00209
826,CHEMBL222,CHEMBL1201728,['PF00209'],4,PF00209
827,CHEMBL222,CHEMBL1201777,['PF00209'],4,PF00209
828,CHEMBL222,CHEMBL1237135,['PF00209'],4,PF00209
829,CHEMBL222,CHEMBL1345,['PF00209'],4,PF00209
830,CHEMBL222,CHEMBL14370,['PF00209'],4,PF00209
831,CHEMBL222,CHEMBL1442422,['PF00209'],4,PF00209
832,CHEMBL222,CHEMBL1574,['PF00209'],4,PF00209
833,CHEMBL222,CHEMBL1628234,['PF00209'],4,PF00209
834,CHEMBL222,CHEMBL1692,['PF00209'],4,PF00209
835,CHEMBL222,CHEMBL1693,['PF00209'],4,PF00209
836,CHEMBL222,CHEMBL1696,['PF00209'],4,PF00209
837,CHEMBL222,CHEMBL1698,['PF00209'],4,PF00209
838,CHEMBL222,CHEMBL169901,['PF00209'],4,PF00209
839,CHEMBL222,CHEMBL1702,['PF00209'],4,PF00209
840,CHEMBL222,CHEMBL1722,['PF00209'],4,PF00209
841,CHEMBL222,CHEMBL180101,['PF00209'],3,PF00209
842,CHEMBL222,CHEMBL3184143,['PF00209'],4,PF00209
843,CHEMBL222,CHEMBL3544971,['PF00209'],4,PF00209
844,CHEMBL222,CHEMBL405,['PF00209'],4,PF00209
845,CHEMBL222,CHEMBL4297064,['PF00209'],4,PF00209
846,CHEMBL222,CHEMBL501,['PF00209'],4,PF00209
847,CHEMBL222,CHEMBL612,['PF00209'],4,PF00209
848,CHEMBL222,CHEMBL796,['PF00209'],4,PF00209
849,CHEMBL222,CHEMBL904,['PF00209'],4,PF00209
850,CHEMBL2221348,CHEMBL266510,['PF00520'],3,PF00520
851,CHEMBL223,CHEMBL142635,['PF00001'],3,PF00001
852,CHEMBL224,CHEMBL1084617,['PF00001'],1,PF00001
853,CHEMBL224,CHEMBL1108,['PF00001'],4,PF00001
854,CHEMBL224,CHEMBL1112,['PF00001'],4,PF00001
855,CHEMBL224,CHEMBL1200419,['PF00001'],4,PF00001
856,CHEMBL224,CHEMBL1200469,['PF00001'],4,PF00001
857,CHEMBL224,CHEMBL1200492,['PF00001'],4,PF00001
858,CHEMBL224,CHEMBL1200636,['PF00001'],4,PF00001
859,CHEMBL224,CHEMBL1200798,['PF00001'],4,PF00001
860,CHEMBL224,CHEMBL1200916,['PF00001'],4,PF00001
861,CHEMBL224,CHEMBL1200948,['PF00001'],4,PF00001
862,CHEMBL224,CHEMBL1200986,['PF00001'],4,PF00001
863,CHEMBL224,CHEMBL1201,['PF00001'],4,PF00001
864,CHEMBL224,CHEMBL1201052,['PF00001'],4,PF00001
865,CHEMBL224,CHEMBL1201155,['PF00001'],4,PF00001
866,CHEMBL224,CHEMBL1257040,['PF00001'],4,PF00001
867,CHEMBL224,CHEMBL1375743,['PF00001'],4,PF00001
868,CHEMBL224,CHEMBL1423,['PF00001'],4,PF00001
869,CHEMBL224,CHEMBL14376,['PF00001'],4,PF00001
870,CHEMBL224,CHEMBL1615372,['PF00001'],4,PF00001
871,CHEMBL224,CHEMBL1621,['PF00001'],4,PF00001
872,CHEMBL224,CHEMBL1713,['PF00001'],4,PF00001
873,CHEMBL224,CHEMBL178803,['PF00001'],3,PF00001
874,CHEMBL224,CHEMBL2105760,['PF00001'],4,PF00001
875,CHEMBL224,CHEMBL2358147,['PF00001'],4,PF00001
876,CHEMBL224,CHEMBL257704,['PF00001'],3,PF00001
877,CHEMBL224,CHEMBL3188993,['PF00001'],4,PF00001
878,CHEMBL224,CHEMBL3544974,['PF00001'],4,PF00001
879,CHEMBL224,CHEMBL42,['PF00001'],4,PF00001
880,CHEMBL224,CHEMBL479,['PF00001'],4,PF00001
881,CHEMBL224,CHEMBL54,['PF00001'],4,PF00001
882,CHEMBL224,CHEMBL598172,['PF00001'],2,PF00001
883,CHEMBL224,CHEMBL654,['PF00001'],4,PF00001
884,CHEMBL224,CHEMBL71,['PF00001'],4,PF00001
885,CHEMBL224,CHEMBL715,['PF00001'],4,PF00001
886,CHEMBL224,CHEMBL74355,['PF00001'],3,PF00001
887,CHEMBL224,CHEMBL831,['PF00001'],4,PF00001
888,CHEMBL224,CHEMBL85,['PF00001'],4,PF00001
889,CHEMBL224,CHEMBL908,['PF00001'],4,PF00001
890,CHEMBL2243,CHEMBL112,['PF01425'],4,PF01425
891,CHEMBL225,CHEMBL10878,['PF00001'],4,PF00001
892,CHEMBL225,CHEMBL1200426,['PF00001'],4,PF00001
893,CHEMBL225,CHEMBL1200492,['PF00001'],4,PF00001
894,CHEMBL225,CHEMBL1200636,['PF00001'],4,PF00001
895,CHEMBL225,CHEMBL1200798,['PF00001'],4,PF00001
896,CHEMBL225,CHEMBL1200916,['PF00001'],4,PF00001
897,CHEMBL225,CHEMBL1200948,['PF00001'],4,PF00001
898,CHEMBL225,CHEMBL1201155,['PF00001'],4,PF00001
899,CHEMBL225,CHEMBL1257040,['PF00001'],4,PF00001
900,CHEMBL225,CHEMBL1375743,['PF00001'],4,PF00001
901,CHEMBL225,CHEMBL2106217,['PF00001'],4,PF00001
902,CHEMBL225,CHEMBL2358147,['PF00001'],4,PF00001
903,CHEMBL225,CHEMBL3188993,['PF00001'],4,PF00001
904,CHEMBL225,CHEMBL3989558,['PF00001'],4,PF00001
905,CHEMBL225,CHEMBL479,['PF00001'],4,PF00001
906,CHEMBL225,CHEMBL654,['PF00001'],4,PF00001
907,CHEMBL225,CHEMBL715,['PF00001'],4,PF00001
908,CHEMBL225,CHEMBL831,['PF00001'],4,PF00001
909,CHEMBL225,CHEMBL85,['PF00001'],4,PF00001
910,CHEMBL225,CHEMBL908,['PF00001'],4,PF00001
911,CHEMBL226,CHEMBL3545407,['PF00001'],3,PF00001
912,CHEMBL226,CHEMBL392149,['PF00001'],2,PF00001
913,CHEMBL226,CHEMBL414157,['PF00001'],3,PF00001
914,CHEMBL226,CHEMBL52333,['PF00001'],3,PF00001
915,CHEMBL227,CHEMBL1014,['PF00001'],4,PF00001
916,CHEMBL227,CHEMBL1016,['PF00001'],3,PF00001
917,CHEMBL227,CHEMBL1017,['PF00001'],4,PF00001
918,CHEMBL227,CHEMBL1069,['PF00001'],4,PF00001
919,CHEMBL227,CHEMBL1200692,['PF00001'],4,PF00001
920,CHEMBL227,CHEMBL1200987,['PF00001'],4,PF00001
921,CHEMBL227,CHEMBL1513,['PF00001'],4,PF00001
922,CHEMBL227,CHEMBL1516,['PF00001'],3,PF00001
923,CHEMBL227,CHEMBL2103795,['PF00001'],4,PF00001
924,CHEMBL227,CHEMBL539423,['PF00001'],3,PF00001
925,CHEMBL227,CHEMBL57242,['PF00001'],3,PF00001
926,CHEMBL227,CHEMBL995,['PF00001'],4,PF00001
927,CHEMBL2276,CHEMBL1614713,['PF00069'],2,PF00069
928,CHEMBL2276,CHEMBL1950289,['PF00069'],2,PF00069
929,CHEMBL228,CHEMBL1113,['PF00209'],4,PF00209
930,CHEMBL228,CHEMBL1118,['PF00209'],4,PF00209
931,CHEMBL228,CHEMBL1200322,['PF00209'],4,PF00209
932,CHEMBL228,CHEMBL1200328,['PF00209'],4,PF00209
933,CHEMBL228,CHEMBL1200332,['PF00209'],4,PF00209
934,CHEMBL228,CHEMBL1200492,['PF00209'],4,PF00209
935,CHEMBL228,CHEMBL1200595,['PF00209'],4,PF00209
936,CHEMBL228,CHEMBL1200710,['PF00209'],4,PF00209
937,CHEMBL228,CHEMBL1200781,['PF00209'],4,PF00209
938,CHEMBL228,CHEMBL1200798,['PF00209'],4,PF00209
939,CHEMBL228,CHEMBL1200964,['PF00209'],4,PF00209
940,CHEMBL228,CHEMBL1201066,['PF00209'],4,PF00209
941,CHEMBL228,CHEMBL1201082,['PF00209'],4,PF00209
942,CHEMBL228,CHEMBL1201156,['PF00209'],4,PF00209
943,CHEMBL228,CHEMBL1201728,['PF00209'],4,PF00209
944,CHEMBL228,CHEMBL1409,['PF00209'],4,PF00209
945,CHEMBL228,CHEMBL1615374,['PF00209'],4,PF00209
946,CHEMBL228,CHEMBL1631540,['PF00209'],2,PF00209
947,CHEMBL228,CHEMBL1692,['PF00209'],4,PF00209
948,CHEMBL228,CHEMBL1708,['PF00209'],4,PF00209
949,CHEMBL228,CHEMBL1709,['PF00209'],4,PF00209
950,CHEMBL228,CHEMBL2107387,['PF00209'],4,PF00209
951,CHEMBL228,CHEMBL2110900,['PF00209'],4,PF00209
952,CHEMBL228,CHEMBL276520,['PF00209'],4,PF00209
953,CHEMBL228,CHEMBL4297064,['PF00209'],4,PF00209
954,CHEMBL229,CHEMBL1200695,['PF00001'],4,PF00001
955,CHEMBL229,CHEMBL1201044,['PF00001'],4,PF00001
956,CHEMBL229,CHEMBL24778,['PF00001'],4,PF00001
957,CHEMBL230,CHEMBL1070,['PF03098'],4,PF03098
958,CHEMBL230,CHEMBL118,['PF03098'],4,PF03098
959,CHEMBL230,CHEMBL1206690,['PF03098'],4,PF03098
960,CHEMBL230,CHEMBL122,['PF03098'],4,PF03098
961,CHEMBL230,CHEMBL1316,['PF03098'],4,PF03098
962,CHEMBL230,CHEMBL166863,['PF03098'],3,PF03098
963,CHEMBL230,CHEMBL2107455,['PF03098'],3,PF03098
964,CHEMBL230,CHEMBL296913,['PF03098'],4,PF03098
965,CHEMBL230,CHEMBL404108,['PF03098'],4,PF03098
966,CHEMBL230,CHEMBL416146,['PF03098'],4,PF03098
967,CHEMBL230,CHEMBL599,['PF03098'],4,PF03098
968,CHEMBL230,CHEMBL622,['PF03098'],4,PF03098
969,CHEMBL230,CHEMBL865,['PF03098'],4,PF03098
970,CHEMBL230,CHEMBL93645,['PF03098'],4,PF03098
971,CHEMBL231,CHEMBL1172,['PF00001'],4,PF00001
972,CHEMBL231,CHEMBL1200392,['PF00001'],4,PF00001
973,CHEMBL231,CHEMBL1200395,['PF00001'],4,PF00001
974,CHEMBL231,CHEMBL1200406,['PF00001'],4,PF00001
975,CHEMBL231,CHEMBL1200446,['PF00001'],4,PF00001
976,CHEMBL231,CHEMBL1200467,['PF00001'],4,PF00001
977,CHEMBL231,CHEMBL1200491,['PF00001'],4,PF00001
978,CHEMBL231,CHEMBL1200532,['PF00001'],4,PF00001
979,CHEMBL231,CHEMBL1200550,['PF00001'],4,PF00001
980,CHEMBL231,CHEMBL1200618,['PF00001'],4,PF00001
981,CHEMBL231,CHEMBL1200638,['PF00001'],4,PF00001
982,CHEMBL231,CHEMBL1200750,['PF00001'],4,PF00001
983,CHEMBL231,CHEMBL1200769,['PF00001'],4,PF00001
984,CHEMBL231,CHEMBL1200795,['PF00001'],4,PF00001
985,CHEMBL231,CHEMBL1200809,['PF00001'],4,PF00001
986,CHEMBL231,CHEMBL1200927,['PF00001'],4,PF00001
987,CHEMBL231,CHEMBL1200948,['PF00001'],4,PF00001
988,CHEMBL231,CHEMBL1200959,['PF00001'],4,PF00001
989,CHEMBL231,CHEMBL1200961,['PF00001'],4,PF00001
990,CHEMBL231,CHEMBL1200974,['PF00001'],4,PF00001
991,CHEMBL231,CHEMBL1201006,['PF00001'],4,PF00001
992,CHEMBL231,CHEMBL1201023,['PF00001'],4,PF00001
993,CHEMBL231,CHEMBL1201190,['PF00001'],4,PF00001
994,CHEMBL231,CHEMBL1201747,['PF00001'],4,PF00001
995,CHEMBL231,CHEMBL1201759,['PF00001'],4,PF00001
996,CHEMBL231,CHEMBL1224,['PF00001'],4,PF00001
997,CHEMBL231,CHEMBL1237102,['PF00001'],4,PF00001
998,CHEMBL231,CHEMBL1255739,['PF00001'],4,PF00001
999,CHEMBL231,CHEMBL1442422,['PF00001'],4,PF00001
1000,CHEMBL231,CHEMBL1564,['PF00001'],4,PF00001
1001,CHEMBL231,CHEMBL1607273,['PF00001'],4,PF00001
1002,CHEMBL231,CHEMBL1620,['PF00001'],4,PF00001
1003,CHEMBL231,CHEMBL1633,['PF00001'],4,PF00001
1004,CHEMBL231,CHEMBL1653,['PF00001'],4,PF00001
1005,CHEMBL231,CHEMBL1659,['PF00001'],4,PF00001
1006,CHEMBL231,CHEMBL1689,['PF00001'],4,PF00001
1007,CHEMBL231,CHEMBL17157,['PF00001'],4,PF00001
1008,CHEMBL231,CHEMBL1716,['PF00001'],4,PF00001
1009,CHEMBL231,CHEMBL1719,['PF00001'],4,PF00001
1010,CHEMBL231,CHEMBL1742423,['PF00001'],4,PF00001
1011,CHEMBL231,CHEMBL2103739,['PF00001'],4,PF00001
1012,CHEMBL231,CHEMBL2105458,['PF00001'],4,PF00001
1013,CHEMBL231,CHEMBL2110774,['PF00001'],4,PF00001
1014,CHEMBL231,CHEMBL22108,['PF00001'],4,PF00001
1015,CHEMBL231,CHEMBL2360580,['PF00001'],4,PF00001
1016,CHEMBL231,CHEMBL24441,['PF00001'],4,PF00001
1017,CHEMBL231,CHEMBL296419,['PF00001'],4,PF00001
1018,CHEMBL231,CHEMBL305660,['PF00001'],3,PF00001
1019,CHEMBL231,CHEMBL3186993,['PF00001'],4,PF00001
1020,CHEMBL231,CHEMBL3544908,['PF00001'],4,PF00001
1021,CHEMBL231,CHEMBL3989520,['PF00001'],4,PF00001
1022,CHEMBL231,CHEMBL3989885,['PF00001'],4,PF00001
1023,CHEMBL231,CHEMBL43064,['PF00001'],4,PF00001
1024,CHEMBL231,CHEMBL91397,['PF00001'],3,PF00001
1025,CHEMBL231,CHEMBL94454,['PF00001'],4,PF00001
1026,CHEMBL231,CHEMBL998,['PF00001'],4,PF00001
1027,CHEMBL2326,CHEMBL19,['PF00194'],4,PF00194
1028,CHEMBL2327,CHEMBL266125,['PF00001'],3,PF00001
1029,CHEMBL233,CHEMBL1200531,['PF00001'],4,PF00001
1030,CHEMBL233,CHEMBL1200665,['PF00001'],4,PF00001
1031,CHEMBL233,CHEMBL1200817,['PF00001'],4,PF00001
1032,CHEMBL233,CHEMBL1200825,['PF00001'],4,PF00001
1033,CHEMBL233,CHEMBL1200890,['PF00001'],4,PF00001
1034,CHEMBL233,CHEMBL1201047,['PF00001'],4,PF00001
1035,CHEMBL233,CHEMBL1201163,['PF00001'],4,PF00001
1036,CHEMBL233,CHEMBL1201770,['PF00001'],4,PF00001
1037,CHEMBL233,CHEMBL1201777,['PF00001'],4,PF00001
1038,CHEMBL233,CHEMBL1237055,['PF00001'],4,PF00001
1039,CHEMBL233,CHEMBL1237104,['PF00001'],4,PF00001
1040,CHEMBL233,CHEMBL1685,['PF00001'],4,PF00001
1041,CHEMBL233,CHEMBL1701,['PF00001'],4,PF00001
1042,CHEMBL233,CHEMBL1707,['PF00001'],4,PF00001
1043,CHEMBL233,CHEMBL2062276,['PF00001'],4,PF00001
1044,CHEMBL233,CHEMBL2103744,['PF00001'],4,PF00001
1045,CHEMBL233,CHEMBL2105755,['PF00001'],4,PF00001
1046,CHEMBL233,CHEMBL2159122,['PF00001'],4,PF00001
1047,CHEMBL233,CHEMBL2219416,['PF00001'],4,PF00001
1048,CHEMBL233,CHEMBL2368861,['PF00001'],4,PF00001
1049,CHEMBL233,CHEMBL2443262,['PF00001'],4,PF00001
1050,CHEMBL233,CHEMBL270190,['PF00001'],4,PF00001
1051,CHEMBL233,CHEMBL299400,['PF00001'],4,PF00001
1052,CHEMBL233,CHEMBL511142,['PF00001'],4,PF00001
1053,CHEMBL233,CHEMBL596,['PF00001'],4,PF00001
1054,CHEMBL233,CHEMBL656,['PF00001'],4,PF00001
1055,CHEMBL233,CHEMBL688,['PF00001'],4,PF00001
1056,CHEMBL2337,CHEMBL1171829,['PF00209'],3,PF00209
1057,CHEMBL234,CHEMBL1009,['PF00001'],4,PF00001
1058,CHEMBL234,CHEMBL178803,['PF00001'],3,PF00001
1059,CHEMBL234,CHEMBL2024517,['PF00001'],4,PF00001
1060,CHEMBL234,CHEMBL908,['PF00001'],4,PF00001
1061,CHEMBL235,CHEMBL1200760,['PF00104'],4,PF00104
1062,CHEMBL235,CHEMBL1201013,['PF00104'],4,PF00104
1063,CHEMBL235,CHEMBL1715,['PF00104'],4,PF00104
1064,CHEMBL235,CHEMBL1762621,['PF00104'],3,PF00104
1065,CHEMBL235,CHEMBL186179,['PF00104'],3,PF00104
1066,CHEMBL235,CHEMBL2103991,['PF00104'],3,PF00104
1067,CHEMBL235,CHEMBL2104753,['PF00104'],3,PF00104
1068,CHEMBL235,CHEMBL282686,['PF00104'],3,PF00104
1069,CHEMBL235,CHEMBL408,['PF00104'],4,PF00104
1070,CHEMBL235,CHEMBL490029,['PF00104'],2,PF00104
1071,CHEMBL235,CHEMBL519504,['PF00104'],3,PF00104
1072,CHEMBL235,CHEMBL592054,['PF00104'],3,PF00104
1073,CHEMBL235,CHEMBL704,['PF00104'],4,PF00104
1074,CHEMBL235,CHEMBL843,['PF00104'],4,PF00104
1075,CHEMBL2363052,CHEMBL1200694,['PF02931'],4,PF02931
1076,CHEMBL2363052,CHEMBL1200733,['PF02931'],4,PF02931
1077,CHEMBL2363052,CHEMBL1256,['PF02931'],4,PF02931
1078,CHEMBL2363052,CHEMBL1257,['PF02931'],4,PF02931
1079,CHEMBL2363052,CHEMBL1341,['PF02931'],4,PF02931
1080,CHEMBL2363052,CHEMBL931,['PF02931'],4,PF02931
1081,CHEMBL2363065,CHEMBL1703,['PF01712'],4,PF01712
1082,CHEMBL2364166,CHEMBL2105700,['PF00137'],4,PF00137
1083,CHEMBL2364670,CHEMBL1003,['PF13354'],4,PF13354
1084,CHEMBL2364670,CHEMBL1439,['PF13354'],4,PF13354
1085,CHEMBL2364670,CHEMBL2107817,['PF13354'],4,PF13354
1086,CHEMBL2364674,CHEMBL4297142,['PF02364'],4,PF02364
1087,CHEMBL237,CHEMBL1201047,['PF00001'],4,PF00001
1088,CHEMBL237,CHEMBL1685,['PF00001'],4,PF00001
1089,CHEMBL237,CHEMBL2062276,['PF00001'],4,PF00001
1090,CHEMBL237,CHEMBL2368861,['PF00001'],4,PF00001
1091,CHEMBL237,CHEMBL299400,['PF00001'],4,PF00001
1092,CHEMBL237,CHEMBL490665,['PF00001'],3,PF00001
1093,CHEMBL237,CHEMBL511142,['PF00001'],4,PF00001
1094,CHEMBL2373,CHEMBL3989871,['PF00001'],3,PF00001
1095,CHEMBL238,CHEMBL1200483,['PF00209'],4,PF00209
1096,CHEMBL238,CHEMBL1201192,['PF00209'],4,PF00209
1097,CHEMBL238,CHEMBL1373,['PF00209'],4,PF00209
1098,CHEMBL238,CHEMBL1693,['PF00209'],4,PF00209
1099,CHEMBL238,CHEMBL1698,['PF00209'],4,PF00209
1100,CHEMBL238,CHEMBL1722,['PF00209'],4,PF00209
1101,CHEMBL238,CHEMBL3544971,['PF00209'],4,PF00209
1102,CHEMBL238,CHEMBL405,['PF00209'],4,PF00209
1103,CHEMBL238,CHEMBL501,['PF00209'],4,PF00209
1104,CHEMBL238,CHEMBL612,['PF00209'],4,PF00209
1105,CHEMBL238,CHEMBL796,['PF00209'],4,PF00209
1106,CHEMBL238,CHEMBL904,['PF00209'],4,PF00209
1107,CHEMBL239,CHEMBL186179,['PF00104'],3,PF00104
1108,CHEMBL239,CHEMBL247951,['PF00104'],3,PF00104
1109,CHEMBL239,CHEMBL282686,['PF00104'],3,PF00104
1110,CHEMBL239,CHEMBL457,['PF00104'],4,PF00104
1111,CHEMBL239,CHEMBL519504,['PF00104'],3,PF00104
1112,CHEMBL239,CHEMBL557555,['PF00104'],4,PF00104
1113,CHEMBL239,CHEMBL565,['PF00104'],4,PF00104
1114,CHEMBL239,CHEMBL592054,['PF00104'],3,PF00104
1115,CHEMBL239,CHEMBL672,['PF00104'],4,PF00104
1116,CHEMBL239,CHEMBL981,['PF00104'],4,PF00104
1117,CHEMBL240,CHEMBL1083993,['PF00520'],4,PF00520
1118,CHEMBL240,CHEMBL1700,['PF00520'],4,PF00520
1119,CHEMBL240,CHEMBL2107383,['PF00520'],3,PF00520
1120,CHEMBL240,CHEMBL2355456,['PF00520'],4,PF00520
1121,CHEMBL240,CHEMBL473,['PF00520'],4,PF00520
1122,CHEMBL241,CHEMBL1752,['PF00233'],4,PF00233
1123,CHEMBL241,CHEMBL19449,['PF00233'],2,PF00233
1124,CHEMBL241,CHEMBL799,['PF00233'],4,PF00233
1125,CHEMBL242,CHEMBL1116,['PF00104'],4,PF00104
1126,CHEMBL242,CHEMBL1200721,['PF00104'],4,PF00104
1127,CHEMBL242,CHEMBL1200761,['PF00104'],4,PF00104
1128,CHEMBL242,CHEMBL278703,['PF00104'],2,PF00104
1129,CHEMBL243,CHEMBL114,['PF00077'],4,PF00077
1130,CHEMBL243,CHEMBL116,['PF00077'],4,PF00077
1131,CHEMBL243,CHEMBL1200678,['PF00077'],4,PF00077
1132,CHEMBL243,CHEMBL1200734,['PF00077'],4,PF00077
1133,CHEMBL243,CHEMBL1201127,['PF00077'],4,PF00077
1134,CHEMBL243,CHEMBL1205,['PF00077'],4,PF00077
1135,CHEMBL243,CHEMBL1323,['PF00077'],4,PF00077
1136,CHEMBL243,CHEMBL163,['PF00077'],4,PF00077
1137,CHEMBL243,CHEMBL1735,['PF00077'],4,PF00077
1138,CHEMBL243,CHEMBL222559,['PF00077'],4,PF00077
1139,CHEMBL243,CHEMBL282042,['PF00077'],4,PF00077
1140,CHEMBL243,CHEMBL729,['PF00077'],4,PF00077
1141,CHEMBL2434,CHEMBL191413,['PF00001'],3,PF00001
1142,CHEMBL2434,CHEMBL216981,['PF00001'],2,PF00001
1143,CHEMBL244,CHEMBL1908371,['PF00089'],3,PF00089
1144,CHEMBL244,CHEMBL198362,['PF00089'],4,PF00089
1145,CHEMBL244,CHEMBL231779,['PF00089'],4,PF00089
1146,CHEMBL244,CHEMBL512351,['PF00089'],4,PF00089
1147,CHEMBL245,CHEMBL1133,['PF00001'],4,PF00001
1148,CHEMBL245,CHEMBL1184,['PF00001'],4,PF00001
1149,CHEMBL245,CHEMBL1200330,['PF00001'],4,PF00001
1150,CHEMBL245,CHEMBL1200347,['PF00001'],4,PF00001
1151,CHEMBL245,CHEMBL1200473,['PF00001'],4,PF00001
1152,CHEMBL245,CHEMBL1200479,['PF00001'],4,PF00001
1153,CHEMBL245,CHEMBL1200604,['PF00001'],4,PF00001
1154,CHEMBL245,CHEMBL1200764,['PF00001'],4,PF00001
1155,CHEMBL245,CHEMBL1200771,['PF00001'],4,PF00001
1156,CHEMBL245,CHEMBL1200803,['PF00001'],4,PF00001
1157,CHEMBL245,CHEMBL1200880,['PF00001'],4,PF00001
1158,CHEMBL245,CHEMBL1200891,['PF00001'],4,PF00001
1159,CHEMBL245,CHEMBL1200906,['PF00001'],4,PF00001
1160,CHEMBL245,CHEMBL1200935,['PF00001'],4,PF00001
1161,CHEMBL245,CHEMBL1200950,['PF00001'],4,PF00001
1162,CHEMBL245,CHEMBL1201027,['PF00001'],4,PF00001
1163,CHEMBL245,CHEMBL1201765,['PF00001'],4,PF00001
1164,CHEMBL245,CHEMBL1231,['PF00001'],4,PF00001
1165,CHEMBL245,CHEMBL1240,['PF00001'],4,PF00001
1166,CHEMBL245,CHEMBL1354199,['PF00001'],4,PF00001
1167,CHEMBL245,CHEMBL14,['PF00001'],4,PF00001
1168,CHEMBL245,CHEMBL1578,['PF00001'],4,PF00001
1169,CHEMBL245,CHEMBL1722209,['PF00001'],4,PF00001
1170,CHEMBL245,CHEMBL1724,['PF00001'],4,PF00001
1171,CHEMBL245,CHEMBL1768,['PF00001'],4,PF00001
1172,CHEMBL245,CHEMBL2134724,['PF00001'],4,PF00001
1173,CHEMBL245,CHEMBL2146146,['PF00001'],4,PF00001
1174,CHEMBL245,CHEMBL2218917,['PF00001'],4,PF00001
1175,CHEMBL245,CHEMBL3084748,['PF00001'],4,PF00001
1176,CHEMBL245,CHEMBL3545181,['PF00001'],4,PF00001
1177,CHEMBL245,CHEMBL3833319,['PF00001'],4,PF00001
1178,CHEMBL245,CHEMBL517712,['PF00001'],4,PF00001
1179,CHEMBL245,CHEMBL523299,['PF00001'],4,PF00001
1180,CHEMBL245,CHEMBL53366,['PF00001'],3,PF00001
1181,CHEMBL245,CHEMBL550,['PF00001'],4,PF00001
1182,CHEMBL245,CHEMBL551466,['PF00001'],4,PF00001
1183,CHEMBL246,CHEMBL2012520,['PF00001'],2,PF00001
1184,CHEMBL246,CHEMBL2095212,['PF00001'],4,PF00001
1185,CHEMBL246,CHEMBL2107773,['PF00001'],3,PF00001
1186,CHEMBL246,CHEMBL2107826,['PF00001'],3,PF00001
1187,CHEMBL246,CHEMBL545437,['PF00001'],3,PF00001
1188,CHEMBL2476,CHEMBL266510,['PF00520'],3,PF00520
1189,CHEMBL249,CHEMBL1201782,['PF00001'],4,PF00001
1190,CHEMBL249,CHEMBL1471,['PF00001'],4,PF00001
1191,CHEMBL249,CHEMBL1672054,['PF00001'],3,PF00001
1192,CHEMBL249,CHEMBL206253,['PF00001'],4,PF00001
1193,CHEMBL249,CHEMBL447955,['PF00001'],3,PF00001
1194,CHEMBL2492,CHEMBL1258006,['PF02931'],2,PF02931
1195,CHEMBL2492,CHEMBL214268,['PF02931'],1,PF02931
1196,CHEMBL2492,CHEMBL2151572,['PF02931'],3,PF02931
1197,CHEMBL2492,CHEMBL429317,['PF02931'],1,PF02931
1198,CHEMBL2492,CHEMBL559478,['PF02931'],2,PF02931
1199,CHEMBL250,CHEMBL91397,['PF00001'],3,PF00001
1200,CHEMBL2508,CHEMBL3301610,['PF00069'],4,PF00069
1201,CHEMBL2508,CHEMBL3545110,['PF00069'],4,PF00069
1202,CHEMBL2508,CHEMBL428690,['PF00069'],3,PF00069
1203,CHEMBL2508,CHEMBL574737,['PF00069'],2,PF00069
1204,CHEMBL251,CHEMBL1096896,['PF00001'],2,PF00001
1205,CHEMBL251,CHEMBL1950554,['PF00001'],3,PF00001
1206,CHEMBL251,CHEMBL1950649,['PF00001'],3,PF00001
1207,CHEMBL251,CHEMBL2105747,['PF00001'],3,PF00001
1208,CHEMBL251,CHEMBL240624,['PF00001'],3,PF00001
1209,CHEMBL251,CHEMBL431770,['PF00001'],4,PF00001
1210,CHEMBL251,CHEMBL447664,['PF00001'],2,PF00001
1211,CHEMBL252,CHEMBL109648,['PF00001'],3,PF00001
1212,CHEMBL252,CHEMBL1628688,['PF00001'],3,PF00001
1213,CHEMBL252,CHEMBL2106068,['PF00001'],3,PF00001
1214,CHEMBL252,CHEMBL23261,['PF00001'],3,PF00001
1215,CHEMBL252,CHEMBL3989834,['PF00001'],3,PF00001
1216,CHEMBL252,CHEMBL539423,['PF00001'],3,PF00001
1217,CHEMBL252,CHEMBL61780,['PF00001'],3,PF00001
1218,CHEMBL2524,CHEMBL110458,['PF02065'],4,PF02065
1219,CHEMBL253,CHEMBL225411,['PF00001'],2,PF00001
1220,CHEMBL253,CHEMBL4175981,['PF00001'],2,PF00001
1221,CHEMBL2534,CHEMBL1650595,['PF00069'],1,PF00069
1222,CHEMBL2534,CHEMBL574737,['PF00069'],2,PF00069
1223,CHEMBL255,CHEMBL260933,['PF00001'],1,PF00001
1224,CHEMBL256,CHEMBL431733,['PF00001'],2,PF00001
1225,CHEMBL259,CHEMBL2070241,['PF00001'],4,PF00001
1226,CHEMBL259,CHEMBL4297533,['PF00001'],4,PF00001
1227,CHEMBL2599,CHEMBL2103830,['PF07714'],4,PF07714
1228,CHEMBL2599,CHEMBL3265032,['PF07714'],2,PF07714
1229,CHEMBL2599,CHEMBL3989516,['PF07714'],4,PF07714
1230,CHEMBL2599,CHEMBL475251,['PF07714'],2,PF07714
1231,CHEMBL260,CHEMBL103667,['PF00069'],2,PF00069
1232,CHEMBL260,CHEMBL1088750,['PF00069'],3,PF00069
1233,CHEMBL260,CHEMBL1088751,['PF00069'],2,PF00069
1234,CHEMBL260,CHEMBL1088752,['PF00069'],3,PF00069
1235,CHEMBL260,CHEMBL1090090,['PF00069'],2,PF00069
1236,CHEMBL260,CHEMBL119385,['PF00069'],2,PF00069
1237,CHEMBL260,CHEMBL1230065,['PF00069'],2,PF00069
1238,CHEMBL260,CHEMBL190333,['PF00069'],1,PF00069
1239,CHEMBL260,CHEMBL1938400,['PF00069'],2,PF00069
1240,CHEMBL260,CHEMBL203567,['PF00069'],1,PF00069
1241,CHEMBL260,CHEMBL363648,['PF00069'],2,PF00069
1242,CHEMBL260,CHEMBL514201,['PF00069'],2,PF00069
1243,CHEMBL261,CHEMBL1201117,['PF00194'],4,PF00194
1244,CHEMBL261,CHEMBL166863,['PF00194'],3,PF00194
1245,CHEMBL261,CHEMBL17,['PF00194'],4,PF00194
1246,CHEMBL261,CHEMBL19,['PF00194'],4,PF00194
1247,CHEMBL261,CHEMBL20,['PF00194'],4,PF00194
1248,CHEMBL262,CHEMBL3545157,['PF00069'],2,PF00069
1249,CHEMBL262,CHEMBL362558,['PF00069'],2,PF00069
1250,CHEMBL2637,CHEMBL1614713,['PF00069'],2,PF00069
1251,CHEMBL2637,CHEMBL1950289,['PF00069'],2,PF00069
1252,CHEMBL264,CHEMBL24441,['PF00001'],4,PF00001
1253,CHEMBL264,CHEMBL3092650,['PF00001'],2,PF00001
1254,CHEMBL264,CHEMBL4164059,['PF00001'],4,PF00001
1255,CHEMBL264,CHEMBL462605,['PF00001'],4,PF00001
1256,CHEMBL264,CHEMBL476323,['PF00001'],2,PF00001
1257,CHEMBL264,CHEMBL517140,['PF00001'],2,PF00001
1258,CHEMBL267,CHEMBL217092,['PF07714'],3,PF07714
1259,CHEMBL267,CHEMBL24828,['PF07714'],4,PF07714
1260,CHEMBL267,CHEMBL288441,['PF07714'],4,PF07714
1261,CHEMBL267,CHEMBL571546,['PF07714'],3,PF07714
1262,CHEMBL268,CHEMBL481611,['PF00112'],3,PF00112
1263,CHEMBL2689,CHEMBL2323775,['PF07714'],1,PF07714
1264,CHEMBL2695,CHEMBL1084546,['PF07714'],1,PF07714
1265,CHEMBL2695,CHEMBL3137331,['PF07714'],2,PF07714
1266,CHEMBL2708,CHEMBL290352,['PF07714'],3,PF07714
1267,CHEMBL274,CHEMBL1201187,['PF00001'],4,PF00001
1268,CHEMBL274,CHEMBL1668019,['PF00001'],3,PF00001
1269,CHEMBL274,CHEMBL2107384,['PF00001'],3,PF00001
1270,CHEMBL274,CHEMBL2110727,['PF00001'],3,PF00001
1271,CHEMBL2742,CHEMBL1908391,['PF07714'],3,PF07714
1272,CHEMBL2742,CHEMBL482968,['PF07714'],2,PF07714
1273,CHEMBL2742,CHEMBL522892,['PF07714'],3,PF07714
1274,CHEMBL2755,CHEMBL1372,['PF07992'],4,PF07992
1275,CHEMBL2755,CHEMBL513,['PF07992'],4,PF07992
1276,CHEMBL2778,CHEMBL2387408,['PF01758'],3,PF01758
1277,CHEMBL2778,CHEMBL363392,['PF01758'],3,PF01758
1278,CHEMBL2782,CHEMBL400599,['PF03062'],4,PF03062
1279,CHEMBL279,CHEMBL2079588,['PF07714'],2,PF07714
1280,CHEMBL279,CHEMBL2103868,['PF07714'],4,PF07714
1281,CHEMBL279,CHEMBL253969,['PF07714'],2,PF07714
1282,CHEMBL279,CHEMBL274654,['PF07714'],3,PF07714
1283,CHEMBL279,CHEMBL3039525,['PF07714'],2,PF07714
1284,CHEMBL279,CHEMBL3545414,['PF07714'],3,PF07714
1285,CHEMBL279,CHEMBL403989,['PF07714'],2,PF07714
1286,CHEMBL279,CHEMBL482967,['PF07714'],1,PF07714
1287,CHEMBL279,CHEMBL482968,['PF07714'],2,PF07714
1288,CHEMBL279,CHEMBL558752,['PF07714'],2,PF07714
1289,CHEMBL279,CHEMBL587723,['PF07714'],2,PF07714
1290,CHEMBL279,CHEMBL608533,['PF07714'],4,PF07714
1291,CHEMBL280,CHEMBL3989740,['PF00413'],4,PF00413
1292,CHEMBL2808,CHEMBL456237,['PF00104'],1,PF00104
1293,CHEMBL2815,CHEMBL564829,['PF07714'],2,PF07714
1294,CHEMBL2815,CHEMBL603469,['PF07714'],3,PF07714
1295,CHEMBL2821,CHEMBL1592101,['PF00089'],4,PF00089
1296,CHEMBL283,CHEMBL279785,['PF00413'],3,PF00413
1297,CHEMBL2835,CHEMBL1078178,['PF07714'],3,PF07714
1298,CHEMBL2835,CHEMBL1795071,['PF07714'],4,PF07714
1299,CHEMBL2835,CHEMBL2105759,['PF07714'],4,PF07714
1300,CHEMBL2835,CHEMBL3301607,['PF07714'],3,PF07714
1301,CHEMBL2835,CHEMBL3622820,['PF07714'],3,PF07714
1302,CHEMBL2835,CHEMBL3655081,['PF07714'],3,PF07714
1303,CHEMBL284,CHEMBL1201174,['PF00326'],4,PF00326
1304,CHEMBL284,CHEMBL1201743,['PF00326'],4,PF00326
1305,CHEMBL284,CHEMBL142703,['PF00326'],4,PF00326
1306,CHEMBL284,CHEMBL1779710,['PF00326'],3,PF00326
1307,CHEMBL284,CHEMBL1929396,['PF00326'],3,PF00326
1308,CHEMBL284,CHEMBL2105762,['PF00326'],3,PF00326
1309,CHEMBL284,CHEMBL2147777,['PF00326'],3,PF00326
1310,CHEMBL284,CHEMBL227529,['PF00326'],4,PF00326
1311,CHEMBL284,CHEMBL237500,['PF00326'],4,PF00326
1312,CHEMBL284,CHEMBL4296719,['PF00326'],3,PF00326
1313,CHEMBL284,CHEMBL515387,['PF00326'],3,PF00326
1314,CHEMBL284,CHEMBL591118,['PF00326'],2,PF00326
1315,CHEMBL2850,CHEMBL362558,['PF00069'],2,PF00069
1316,CHEMBL286,CHEMBL3545059,['PF00026'],4,PF00026
1317,CHEMBL287,CHEMBL1256696,['PF04622'],4,PF04622
1318,CHEMBL287,CHEMBL1256818,['PF04622'],4,PF04622
1319,CHEMBL287,CHEMBL2106217,['PF04622'],4,PF04622
1320,CHEMBL287,CHEMBL3989510,['PF04622'],4,PF04622
1321,CHEMBL2872,CHEMBL290352,['PF00069'],3,PF00069
1322,CHEMBL2873,CHEMBL290352,['PF07714'],3,PF07714
1323,CHEMBL2925,CHEMBL266510,['PF00520'],3,PF00520
1324,CHEMBL2964,CHEMBL105442,['PF00069'],2,PF00069
1325,CHEMBL2964,CHEMBL1236682,['PF00069'],2,PF00069
1326,CHEMBL2964,CHEMBL1614701,['PF00069'],4,PF00069
1327,CHEMBL2964,CHEMBL1614766,['PF00069'],1,PF00069
1328,CHEMBL2964,CHEMBL1615025,['PF00069'],1,PF00069
1329,CHEMBL2964,CHEMBL2107832,['PF00069'],2,PF00069
1330,CHEMBL2964,CHEMBL2146883,['PF00069'],4,PF00069
1331,CHEMBL2964,CHEMBL3182621,['PF00069'],1,PF00069
1332,CHEMBL2964,CHEMBL3187723,['PF00069'],4,PF00069
1333,CHEMBL2964,CHEMBL507361,['PF00069'],2,PF00069
1334,CHEMBL2971,CHEMBL1078178,['PF07714'],3,PF07714
1335,CHEMBL2971,CHEMBL1231124,['PF07714'],2,PF07714
1336,CHEMBL2971,CHEMBL1287853,['PF07714'],4,PF07714
1337,CHEMBL2971,CHEMBL1795071,['PF07714'],4,PF07714
1338,CHEMBL2971,CHEMBL1944698,['PF07714'],1,PF07714
1339,CHEMBL2971,CHEMBL2035187,['PF07714'],3,PF07714
1340,CHEMBL2971,CHEMBL2105759,['PF07714'],4,PF07714
1341,CHEMBL2971,CHEMBL3545215,['PF07714'],2,PF07714
1342,CHEMBL2971,CHEMBL3545328,['PF07714'],1,PF07714
1343,CHEMBL2971,CHEMBL495727,['PF07714'],2,PF07714
1344,CHEMBL2971,CHEMBL603469,['PF07714'],3,PF07714
1345,CHEMBL2998,CHEMBL3716057,['PF00864'],3,PF00864
1346,CHEMBL3009,CHEMBL1645462,['PF07714'],1,PF07714
1347,CHEMBL3009,CHEMBL180022,['PF07714'],4,PF07714
1348,CHEMBL3009,CHEMBL2105712,['PF07714'],4,PF07714
1349,CHEMBL3009,CHEMBL2105719,['PF07714'],4,PF07714
1350,CHEMBL3009,CHEMBL2110732,['PF07714'],4,PF07714
1351,CHEMBL3009,CHEMBL3545396,['PF07714'],2,PF07714
1352,CHEMBL3009,CHEMBL545315,['PF07714'],3,PF07714
1353,CHEMBL301,CHEMBL14762,['PF00069'],2,PF00069
1354,CHEMBL301,CHEMBL1944698,['PF00069'],1,PF00069
1355,CHEMBL301,CHEMBL2103840,['PF00069'],3,PF00069
1356,CHEMBL301,CHEMBL258805,['PF00069'],1,PF00069
1357,CHEMBL301,CHEMBL296468,['PF00069'],1,PF00069
1358,CHEMBL301,CHEMBL3545083,['PF00069'],1,PF00069
1359,CHEMBL301,CHEMBL384304,['PF00069'],2,PF00069
1360,CHEMBL301,CHEMBL428690,['PF00069'],3,PF00069
1361,CHEMBL301,CHEMBL564829,['PF00069'],2,PF00069
1362,CHEMBL301,CHEMBL574737,['PF00069'],2,PF00069
1363,CHEMBL3024,CHEMBL1233528,['PF00069'],3,PF00069
1364,CHEMBL3024,CHEMBL1738758,['PF00069'],2,PF00069
1365,CHEMBL3024,CHEMBL1908394,['PF00069'],1,PF00069
1366,CHEMBL3024,CHEMBL513909,['PF00069'],2,PF00069
1367,CHEMBL3028,CHEMBL3646221,['PF13640'],3,PF13640
1368,CHEMBL3045,CHEMBL300138,['PF00069'],3,PF00069
1369,CHEMBL3045,CHEMBL91829,['PF00069'],3,PF00069
1370,CHEMBL3055,CHEMBL14762,['PF00069'],2,PF00069
1371,CHEMBL3055,CHEMBL1944698,['PF00069'],1,PF00069
1372,CHEMBL3055,CHEMBL296468,['PF00069'],1,PF00069
1373,CHEMBL3055,CHEMBL3545083,['PF00069'],1,PF00069
1374,CHEMBL3055,CHEMBL428690,['PF00069'],3,PF00069
1375,CHEMBL308,CHEMBL14762,['PF00069'],2,PF00069
1376,CHEMBL308,CHEMBL1944698,['PF00069'],1,PF00069
1377,CHEMBL308,CHEMBL2103840,['PF00069'],3,PF00069
1378,CHEMBL308,CHEMBL3545083,['PF00069'],1,PF00069
1379,CHEMBL308,CHEMBL384304,['PF00069'],2,PF00069
1380,CHEMBL308,CHEMBL428690,['PF00069'],3,PF00069
1381,CHEMBL308,CHEMBL564829,['PF00069'],2,PF00069
1382,CHEMBL3116,CHEMBL14762,['PF00069'],2,PF00069
1383,CHEMBL3116,CHEMBL1944698,['PF00069'],1,PF00069
1384,CHEMBL3116,CHEMBL2103840,['PF00069'],3,PF00069
1385,CHEMBL3116,CHEMBL296468,['PF00069'],1,PF00069
1386,CHEMBL3116,CHEMBL3545083,['PF00069'],1,PF00069
1387,CHEMBL3116,CHEMBL428690,['PF00069'],3,PF00069
1388,CHEMBL3119,CHEMBL127516,['PF00520'],4,PF00520
1389,CHEMBL3192,CHEMBL272980,['PF00850'],2,PF00850
1390,CHEMBL3194,CHEMBL2103837,['PF00576'],4,PF00576
1391,CHEMBL3194,CHEMBL2105675,['PF00576'],4,PF00576
1392,CHEMBL321,CHEMBL279785,['PF00413'],3,PF00413
1393,CHEMBL3227,CHEMBL3301626,['PF01094'],2,PF01094
1394,CHEMBL3234,CHEMBL288441,['PF07714'],4,PF07714
1395,CHEMBL3242,CHEMBL17,['PF00194'],4,PF00194
1396,CHEMBL3242,CHEMBL20,['PF00194'],4,PF00194
1397,CHEMBL325,CHEMBL272980,['PF00850'],2,PF00850
1398,CHEMBL325,CHEMBL98,['PF00850'],4,PF00850
1399,CHEMBL3273,CHEMBL3301627,['PF00999'],4,PF00999
1400,CHEMBL331,CHEMBL3301610,['PF00069'],4,PF00069
1401,CHEMBL331,CHEMBL3545083,['PF00069'],1,PF00069
1402,CHEMBL331,CHEMBL3545110,['PF00069'],4,PF00069
1403,CHEMBL331,CHEMBL384304,['PF00069'],2,PF00069
1404,CHEMBL331,CHEMBL428690,['PF00069'],3,PF00069
1405,CHEMBL331,CHEMBL564829,['PF00069'],2,PF00069
1406,CHEMBL331,CHEMBL574737,['PF00069'],2,PF00069
1407,CHEMBL3310,CHEMBL272980,['PF00850'],2,PF00850
1408,CHEMBL332,CHEMBL279785,['PF00413'],3,PF00413
1409,CHEMBL332,CHEMBL3989740,['PF00413'],4,PF00413
1410,CHEMBL333,CHEMBL279785,['PF00413'],3,PF00413
1411,CHEMBL3338,CHEMBL435224,['PF00494'],3,PF00494
1412,CHEMBL3371,CHEMBL1083390,['PF00001'],3,PF00001
1413,CHEMBL3371,CHEMBL2103880,['PF00001'],2,PF00001
1414,CHEMBL3371,CHEMBL3286580,['PF00001'],3,PF00001
1415,CHEMBL3385,CHEMBL3544964,['PF00069'],1,PF00069
1416,CHEMBL340,CHEMBL281764,['PF00067'],2,PF00067
1417,CHEMBL3471,CHEMBL1213165,['PF00665'],4,PF00665
1418,CHEMBL3471,CHEMBL204656,['PF00665'],4,PF00665
1419,CHEMBL3471,CHEMBL3989866,['PF00665'],4,PF00665
1420,CHEMBL3471,CHEMBL518520,['PF00665'],4,PF00665
1421,CHEMBL3474,CHEMBL148674,['PF00068'],2,PF00068
1422,CHEMBL3474,CHEMBL2105659,['PF00068'],3,PF00068
1423,CHEMBL3514,CHEMBL204021,['PF03403'],3,PF03403
1424,CHEMBL3522,CHEMBL1921976,['PF00067'],3,PF00067
1425,CHEMBL3522,CHEMBL2105738,['PF00067'],3,PF00067
1426,CHEMBL3522,CHEMBL254328,['PF00067'],4,PF00067
1427,CHEMBL3522,CHEMBL271227,['PF00067'],4,PF00067
1428,CHEMBL3559640,CHEMBL1214598,['PF00509'],3,PF00509
1429,CHEMBL3576,CHEMBL266510,['PF00520'],3,PF00520
1430,CHEMBL3587,CHEMBL105442,['PF00069'],2,PF00069
1431,CHEMBL3587,CHEMBL1097999,['PF00069'],2,PF00069
1432,CHEMBL3587,CHEMBL1236682,['PF00069'],2,PF00069
1433,CHEMBL3587,CHEMBL1614701,['PF00069'],4,PF00069
1434,CHEMBL3587,CHEMBL1614766,['PF00069'],1,PF00069
1435,CHEMBL3587,CHEMBL1615025,['PF00069'],1,PF00069
1436,CHEMBL3587,CHEMBL2107832,['PF00069'],2,PF00069
1437,CHEMBL3587,CHEMBL2146883,['PF00069'],4,PF00069
1438,CHEMBL3587,CHEMBL3182621,['PF00069'],1,PF00069
1439,CHEMBL3587,CHEMBL3187723,['PF00069'],4,PF00069
1440,CHEMBL3587,CHEMBL507361,['PF00069'],2,PF00069
1441,CHEMBL3623,CHEMBL1812161,['PF02525'],2,PF02525
1442,CHEMBL3629,CHEMBL1230165,['PF00069'],2,PF00069
1443,CHEMBL3632452,CHEMBL1712842,['PF00656'],4,PF00656
1444,CHEMBL3650,CHEMBL1946170,['PF07714'],4,PF07714
1445,CHEMBL3650,CHEMBL1980391,['PF07714'],1,PF07714
1446,CHEMBL3650,CHEMBL2220486,['PF07714'],2,PF07714
1447,CHEMBL3650,CHEMBL403989,['PF07714'],2,PF07714
1448,CHEMBL3710,CHEMBL606,['PF00001'],4,PF00001
1449,CHEMBL3717,CHEMBL1230609,['PF07714'],2,PF07714
1450,CHEMBL3717,CHEMBL1236107,['PF07714'],1,PF07714
1451,CHEMBL3717,CHEMBL1822792,['PF07714'],2,PF07714
1452,CHEMBL3717,CHEMBL2001019,['PF07714'],1,PF07714
1453,CHEMBL3717,CHEMBL2103851,['PF07714'],2,PF07714
1454,CHEMBL3717,CHEMBL2103868,['PF07714'],4,PF07714
1455,CHEMBL3717,CHEMBL2103882,['PF07714'],3,PF07714
1456,CHEMBL3717,CHEMBL2133806,['PF07714'],1,PF07714
1457,CHEMBL3717,CHEMBL2323775,['PF07714'],1,PF07714
1458,CHEMBL3717,CHEMBL3039525,['PF07714'],2,PF07714
1459,CHEMBL3717,CHEMBL3188267,['PF07714'],4,PF07714
1460,CHEMBL3717,CHEMBL3334567,['PF07714'],3,PF07714
1461,CHEMBL3717,CHEMBL3402762,['PF07714'],2,PF07714
1462,CHEMBL3717,CHEMBL3545307,['PF07714'],2,PF07714
1463,CHEMBL3717,CHEMBL460702,['PF07714'],2,PF07714
1464,CHEMBL3717,CHEMBL496102,['PF07714'],2,PF07714
1465,CHEMBL3717,CHEMBL601719,['PF07714'],4,PF07714
1466,CHEMBL3729,CHEMBL17,['PF00194'],4,PF00194
1467,CHEMBL3729,CHEMBL19,['PF00194'],4,PF00194
1468,CHEMBL3729,CHEMBL20,['PF00194'],4,PF00194
1469,CHEMBL3729,CHEMBL220492,['PF00194'],4,PF00194
1470,CHEMBL3759,CHEMBL1915540,['PF00001'],2,PF00001
1471,CHEMBL3788,CHEMBL1980391,['PF00069'],1,PF00069
1472,CHEMBL3795,CHEMBL441738,['PF00001'],4,PF00001
1473,CHEMBL3798,CHEMBL2178422,['PF00002'],4,PF00002
1474,CHEMBL3798,CHEMBL2364638,['PF00002'],4,PF00002
1475,CHEMBL3798,CHEMBL236593,['PF00002'],3,PF00002
1476,CHEMBL3884,CHEMBL1770248,['PF00474'],4,PF00474
1477,CHEMBL3884,CHEMBL1808388,['PF00474'],3,PF00474
1478,CHEMBL3884,CHEMBL2105711,['PF00474'],3,PF00474
1479,CHEMBL3884,CHEMBL2107830,['PF00474'],4,PF00474
1480,CHEMBL3884,CHEMBL3039507,['PF00474'],4,PF00474
1481,CHEMBL3884,CHEMBL429910,['PF00474'],4,PF00474
1482,CHEMBL3884,CHEMBL450044,['PF00474'],0,PF00474
1483,CHEMBL3905,CHEMBL206834,['PF07714'],2,PF07714
1484,CHEMBL3905,CHEMBL288441,['PF07714'],4,PF07714
1485,CHEMBL3935,CHEMBL1090479,['PF00069'],1,PF00069
1486,CHEMBL3956,CHEMBL1097999,['PF00069'],2,PF00069
1487,CHEMBL3961,CHEMBL1088752,['PF00069'],3,PF00069
1488,CHEMBL3961,CHEMBL190333,['PF00069'],1,PF00069
1489,CHEMBL3961,CHEMBL1946170,['PF00069'],4,PF00069
1490,CHEMBL3974,CHEMBL2013119,['PF00001'],3,PF00001
1491,CHEMBL3979,CHEMBL230158,['PF00104'],3,PF00104
1492,CHEMBL4015,CHEMBL2110727,['PF00001'],3,PF00001
1493,CHEMBL4029,CHEMBL191413,['PF00001'],3,PF00001
1494,CHEMBL4029,CHEMBL216981,['PF00001'],2,PF00001
1495,CHEMBL4036,CHEMBL14762,['PF00069'],2,PF00069
1496,CHEMBL4036,CHEMBL2103840,['PF00069'],3,PF00069
1497,CHEMBL4036,CHEMBL3545083,['PF00069'],1,PF00069
1498,CHEMBL4040,CHEMBL3544964,['PF00069'],1,PF00069
1499,CHEMBL4051,CHEMBL2010601,['PF00664'],4,PF00664
1500,CHEMBL4051,CHEMBL2103870,['PF00664'],4,PF00664
1501,CHEMBL4051,CHEMBL3544914,['PF00664'],4,PF00664
1502,CHEMBL4073,CHEMBL279785,['PF00413'],3,PF00413
1503,CHEMBL4073,CHEMBL3989740,['PF00413'],4,PF00413
1504,CHEMBL4093,CHEMBL456237,['PF00104'],1,PF00104
1505,CHEMBL4123,CHEMBL506981,['PF00001'],3,PF00001
1506,CHEMBL4128,CHEMBL1230609,['PF07714'],2,PF07714
1507,CHEMBL4128,CHEMBL1946170,['PF07714'],4,PF07714
1508,CHEMBL4128,CHEMBL2010872,['PF07714'],2,PF07714
1509,CHEMBL4128,CHEMBL24828,['PF07714'],4,PF07714
1510,CHEMBL4142,CHEMBL1946170,['PF07714'],4,PF07714
1511,CHEMBL4142,CHEMBL1980391,['PF07714'],1,PF07714
1512,CHEMBL4142,CHEMBL2220486,['PF07714'],2,PF07714
1513,CHEMBL4142,CHEMBL403989,['PF07714'],2,PF07714
1514,CHEMBL4179,CHEMBL1614713,['PF00069'],2,PF00069
1515,CHEMBL4179,CHEMBL1950289,['PF00069'],2,PF00069
1516,CHEMBL4223,CHEMBL1946170,['PF07714'],4,PF07714
1517,CHEMBL4245,CHEMBL489,['PF00104'],3,PF00104
1518,CHEMBL4247,CHEMBL1983268,['PF07714'],4,PF07714
1519,CHEMBL4247,CHEMBL2403108,['PF07714'],4,PF07714
1520,CHEMBL4247,CHEMBL3286830,['PF07714'],4,PF07714
1521,CHEMBL4247,CHEMBL3545311,['PF07714'],4,PF07714
1522,CHEMBL4247,CHEMBL3545360,['PF07714'],1,PF07714
1523,CHEMBL4247,CHEMBL4113131,['PF07714'],3,PF07714
1524,CHEMBL4247,CHEMBL601719,['PF07714'],4,PF07714
1525,CHEMBL4296,CHEMBL3544913,['PF00520'],3,PF00520
1526,CHEMBL4302,CHEMBL348475,['PF00664'],3,PF00664
1527,CHEMBL4304,CHEMBL266510,['PF00520'],3,PF00520
1528,CHEMBL4306,CHEMBL2107383,['PF00520'],3,PF00520
1529,CHEMBL4315,CHEMBL1767408,['PF00001'],3,PF00001
1530,CHEMBL4323,CHEMBL2105659,['PF00068'],3,PF00068
1531,CHEMBL4333,CHEMBL2336071,['PF00001'],4,PF00001
1532,CHEMBL4333,CHEMBL3358920,['PF00001'],3,PF00001
1533,CHEMBL4338,CHEMBL550755,['PF01048'],2,PF01048
1534,CHEMBL4342,CHEMBL2105659,['PF00068'],3,PF00068
1535,CHEMBL4361,CHEMBL2107358,['PF00452'],3,PF00452
1536,CHEMBL4393,CHEMBL279785,['PF00413'],3,PF00413
1537,CHEMBL4398,CHEMBL1767407,['PF00001'],3,PF00001
1538,CHEMBL4398,CHEMBL1767408,['PF00001'],3,PF00001
1539,CHEMBL4409,CHEMBL19449,['PF00233'],2,PF00233
1540,CHEMBL4422,CHEMBL1829174,['PF00001'],3,PF00001
1541,CHEMBL4427,CHEMBL1951575,['PF00001'],2,PF00001
1542,CHEMBL4427,CHEMBL3545043,['PF00001'],3,PF00001
1543,CHEMBL4427,CHEMBL426559,['PF00001'],3,PF00001
1544,CHEMBL4439,CHEMBL2364611,['PF00069'],2,PF00069
1545,CHEMBL4478,CHEMBL1286,['PF00520'],4,PF00520
1546,CHEMBL4478,CHEMBL2107771,['PF00520'],3,PF00520
1547,CHEMBL4478,CHEMBL604710,['PF00520'],2,PF00520
1548,CHEMBL4482,CHEMBL3128043,['PF00069'],1,PF00069
1549,CHEMBL4501,CHEMBL3545076,['PF00069'],1,PF00069
1550,CHEMBL4502,CHEMBL3237547,['PF00383'],4,PF00383
1551,CHEMBL4550,CHEMBL1922660,['PF01124'],3,PF01124
1552,CHEMBL4550,CHEMBL1922673,['PF01124'],3,PF01124
1553,CHEMBL4588,CHEMBL3989740,['PF00413'],4,PF00413
1554,CHEMBL4601,CHEMBL24828,['PF07714'],4,PF07714
1555,CHEMBL4616,CHEMBL1923502,['PF00001'],3,PF00001
1556,CHEMBL4616,CHEMBL278623,['PF00001'],4,PF00001
1557,CHEMBL4616,CHEMBL281764,['PF00001'],2,PF00001
1558,CHEMBL4625,CHEMBL2107358,['PF00452'],3,PF00452
1559,CHEMBL4625,CHEMBL443684,['PF00452'],2,PF00452
1560,CHEMBL4630,CHEMBL2041933,['PF00069'],1,PF00069
1561,CHEMBL4630,CHEMBL2386889,['PF00069'],2,PF00069
1562,CHEMBL4630,CHEMBL3039517,['PF00069'],2,PF00069
1563,CHEMBL4630,CHEMBL3545137,['PF00069'],1,PF00069
1564,CHEMBL4630,CHEMBL574737,['PF00069'],2,PF00069
1565,CHEMBL4677,CHEMBL2107358,['PF00452'],3,PF00452
1566,CHEMBL4677,CHEMBL443684,['PF00452'],2,PF00452
1567,CHEMBL4685,CHEMBL3545369,['PF01231'],3,PF01231
1568,CHEMBL4714,CHEMBL1767408,['PF00001'],3,PF00001
1569,CHEMBL4722,CHEMBL1908397,['PF00069'],1,PF00069
1570,CHEMBL4722,CHEMBL1980391,['PF00069'],1,PF00069
1571,CHEMBL4722,CHEMBL259084,['PF00069'],1,PF00069
1572,CHEMBL4722,CHEMBL3182444,['PF00069'],1,PF00069
1573,CHEMBL4722,CHEMBL482968,['PF00069'],2,PF00069
1574,CHEMBL4722,CHEMBL483158,['PF00069'],3,PF00069
1575,CHEMBL4722,CHEMBL495727,['PF00069'],2,PF00069
1576,CHEMBL4792,CHEMBL3545367,['PF00001'],4,PF00001
1577,CHEMBL4794,CHEMBL112,['PF00520'],4,PF00520
1578,CHEMBL4794,CHEMBL207433,['PF00520'],2,PF00520
1579,CHEMBL4794,CHEMBL229430,['PF00520'],1,PF00520
1580,CHEMBL4794,CHEMBL2364618,['PF00520'],1,PF00520
1581,CHEMBL4794,CHEMBL294199,['PF00520'],4,PF00520
1582,CHEMBL4794,CHEMBL398338,['PF00520'],1,PF00520
1583,CHEMBL4805,CHEMBL1823817,['PF00864'],2,PF00864
1584,CHEMBL4822,CHEMBL4204869,['PF00026'],3,PF00026
1585,CHEMBL4860,CHEMBL2107358,['PF00452'],3,PF00452
1586,CHEMBL4860,CHEMBL3137309,['PF00452'],4,PF00452
1587,CHEMBL4860,CHEMBL443684,['PF00452'],2,PF00452
1588,CHEMBL4895,CHEMBL3301622,['PF07714'],4,PF07714
1589,CHEMBL4895,CHEMBL3809489,['PF07714'],2,PF07714
1590,CHEMBL4898,CHEMBL603469,['PF07714'],3,PF07714
1591,CHEMBL4956,CHEMBL277062,['PF02931'],4,PF02931
1592,CHEMBL4979,CHEMBL3039507,['PF00474'],4,PF00474
1593,CHEMBL5071,CHEMBL1951575,['PF00001'],2,PF00001
1594,CHEMBL5071,CHEMBL2386081,['PF00001'],3,PF00001
1595,CHEMBL5071,CHEMBL2442750,['PF00001'],2,PF00001
1596,CHEMBL5071,CHEMBL3137332,['PF00001'],3,PF00001
1597,CHEMBL5071,CHEMBL361812,['PF00001'],2,PF00001
1598,CHEMBL5071,CHEMBL561132,['PF00001'],1,PF00001
1599,CHEMBL5113,CHEMBL3545367,['PF00001'],4,PF00001
1600,CHEMBL5122,CHEMBL1946170,['PF07714'],4,PF07714
1601,CHEMBL5145,CHEMBL1200485,['PF07714'],4,PF07714
1602,CHEMBL5145,CHEMBL1229517,['PF07714'],4,PF07714
1603,CHEMBL5145,CHEMBL1946170,['PF07714'],4,PF07714
1604,CHEMBL5145,CHEMBL2029988,['PF07714'],1,PF07714
1605,CHEMBL5145,CHEMBL3301612,['PF07714'],4,PF07714
1606,CHEMBL5145,CHEMBL558752,['PF07714'],2,PF07714
1607,CHEMBL5147,CHEMBL3544983,['PF07714'],3,PF07714
1608,CHEMBL5147,CHEMBL403989,['PF07714'],2,PF07714
1609,CHEMBL5216,CHEMBL515914,['PF00215'],4,PF00215
1610,CHEMBL5251,CHEMBL1873475,['PF07714'],4,PF07714
1611,CHEMBL5251,CHEMBL3707348,['PF07714'],4,PF07714
1612,CHEMBL5251,CHEMBL3936761,['PF07714'],4,PF07714
1613,CHEMBL5251,CHEMBL4071161,['PF07714'],2,PF07714
1614,CHEMBL5375,CHEMBL1259059,['PF00998'],4,PF00998
1615,CHEMBL5375,CHEMBL1643,['PF00998'],4,PF00998
1616,CHEMBL5398,CHEMBL253371,['PF00104'],4,PF00104
1617,CHEMBL5451,CHEMBL1200612,['PF00520'],4,PF00520
1618,CHEMBL5469,CHEMBL3137331,['PF07714'],2,PF07714
1619,CHEMBL5491,CHEMBL1976040,['PF00069'],2,PF00069
1620,CHEMBL5568,CHEMBL1983268,['PF07714'],4,PF07714
1621,CHEMBL5608,CHEMBL603469,['PF07714'],3,PF07714
1622,CHEMBL5697,CHEMBL3646221,['PF13640'],3,PF13640
1623,CHEMBL5705,CHEMBL3646221,['PF13640'],3,PF13640
1624,CHEMBL5742,CHEMBL54349,['PF03073'],4,PF03073
1625,CHEMBL5815,CHEMBL2178578,['PF00001'],3,PF00001
1626,CHEMBL5838,CHEMBL2408045,['PF07714'],2,PF07714
1627,CHEMBL5844,CHEMBL2104987,['PF00002'],4,PF00002
1628,CHEMBL5988,CHEMBL2107358,['PF00452'],3,PF00452
1629,CHEMBL6007,CHEMBL127516,['PF00520'],4,PF00520
1630,CHEMBL6007,CHEMBL256087,['PF00520'],4,PF00520
1631,CHEMBL6009,CHEMBL2364624,['PF03062'],3,PF03062
1632,CHEMBL6044,CHEMBL2107358,['PF00452'],3,PF00452
1633,CHEMBL6065,CHEMBL1169,['PF00186'],4,PF00186
1634,CHEMBL6065,CHEMBL2096646,['PF00186'],4,PF00186
1635,CHEMBL6120,CHEMBL2105720,['PF00083'],4,PF00083
1636,CHEMBL6120,CHEMBL388590,['PF00083'],4,PF00083
1637,CHEMBL6120,CHEMBL832,['PF00083'],4,PF00083
1638,CHEMBL6132,CHEMBL3317857,['PF13354'],4,PF13354
1639,CHEMBL6135,CHEMBL467058,['PF00064'],3,PF00064
